ID	X	Y	X_error	Y_error
rowB201213242	7.5	0.028	0.0	0.007000000000000001
rowB201213242	10.0	0.074	0.0	0.0185
rowB201213242	15.0	0.27	0.0	0.0675
rowB201213242	20.0	0.097	0.0	0.024250000000000004
rowB201213242	30.0	0.022	0.0	0.0055
rowB201213242	40.0	0.014	0.0	0.0035000000000000005
