ID	X	Y	X_error	Y_error
rowB201216304	25.0	0.00215	0.0	0.0
rowB201216304	100.0	0.026000000000000002	0.0	0.0
