ID	X	Y	X_error	Y_error
rowB201213099	1.0	38.0	0.0	17.1
rowB201213099	2.0	36.1	0.0	16.245
rowB201213099	3.4	32.1	0.0	14.445
rowB201213099	4.0	29.8	0.0	13.41
rowB201213099	5.0	26.2	0.0	11.790000000000001
rowB201213099	7.5	26.9	0.0	12.105
rowB201213099	10.0	27.3	0.0	12.285
rowB201213099	12.0	27.1	0.0	12.195
rowB201213099	15.0	25.4	0.0	11.43
rowB201213099	20.0	20.0	0.0	9.0
rowB201213099	30.0	14.6	0.0	6.57
rowB201213099	40.0	11.1	0.0	4.995
rowB201213099	50.0	8.7	0.0	3.9149999999999996
