ID	X	Y	X_error	Y_error
rowB201213261	15.0	0.0040	0.0	0.0022800000000000003
rowB201213261	20.0	0.0060	0.0	0.0034200000000000003
rowB201213261	30.0	0.0070	0.0	0.00371
rowB201213261	40.0	0.0090	0.0	0.00477
rowB201213261	50.0	0.0060	0.0	0.00336
