ID	X	Y	X_error	Y_error
rowB201213212	5.0	0.052	0.0	0.010400000000000001
rowB201213212	6.0	0.116	0.0	0.023200000000000002
rowB201213212	7.0	0.202	0.0	0.0404
rowB201213212	8.0	0.256	0.0	0.0512
rowB201213212	9.0	0.403	0.0	0.0806
rowB201213212	9.5	0.464	0.0	0.09280000000000001
rowB201213212	10.0	0.536	0.0	0.1072
rowB201213212	11.0	0.406	0.0	0.08120000000000001
rowB201213212	15.0	0.116	0.0	0.023200000000000002
rowB201213212	20.0	0.018	0.0	0.0036
