ID	X	Y	X_error	Y_error
rowB201213246	15.0	0.023	0.0	0.00621
rowB201213246	20.0	0.033	0.0	0.00825
rowB201213246	30.0	0.041	0.0	0.009430000000000001
rowB201213246	40.0	0.047	0.0	0.01081
rowB201213246	50.0	0.033	0.0	0.00858
