ID	X	Y	X_error	Y_error
rowB201216302	25.0	4.1099999999999996E-4	0.0	0.0
rowB201216302	100.0	0.008303000000000001	0.0	0.0
