ID	X	Y	X_error	Y_error
rowB201213255	15.0	0.036	0.0	0.015119999999999998
rowB201213255	20.0	0.055	0.0	0.0209
rowB201213255	30.0	0.118	0.0	0.04484
rowB201213255	40.0	0.139	0.0	0.05421
rowB201213255	50.0	0.118	0.0	0.04955999999999999
