ID	X	Y	X_error	Y_error
rowB201213258	15.0	0.0050	0.0	0.00215
rowB201213258	20.0	0.0070	0.0	0.0028000000000000004
rowB201213258	30.0	0.012	0.0	0.0048
rowB201213258	40.0	0.015	0.0	0.0060
rowB201213258	50.0	0.0090	0.0	0.0037799999999999995
