ID	X	Y	X_error	Y_error
rowB201213282	15.0	0.0090	0.0	0.00324
rowB201213282	20.0	0.013	0.0	0.00429
rowB201213282	30.0	0.023	0.0	0.0069
rowB201213282	40.0	0.022	0.0	0.006599999999999999
rowB201213282	50.0	0.013	0.0	0.00416
