ID	X	Y	X_error	Y_error
rowB201213296	1.0	0.37	0.0	0.0925
rowB201213296	2.0	0.2	0.0	0.05
rowB201213296	2.2	0.19	0.0	0.0475
rowB201213296	3.0	0.16	0.0	0.04
rowB201213296	4.0	0.15	0.0	0.0375
rowB201213296	5.0	0.157	0.0	0.03925
rowB201213296	6.0	0.163	0.0	0.04075
rowB201213296	7.5	0.317	0.0	0.07925
rowB201213296	8.75	0.227	0.0	0.05675
rowB201213296	10.0	0.18	0.0	0.045
rowB201213296	15.0	0.13	0.0	0.0325
rowB201213296	20.0	0.1	0.0	0.025
