ID	X	Y	X_error	Y_error
rowB201213260	15.0	0.0040	0.0	0.0017200000000000002
rowB201213260	20.0	0.0060	0.0	0.0024
rowB201213260	30.0	0.01	0.0	0.0040
rowB201213260	40.0	0.011	0.0	0.004399999999999999
rowB201213260	50.0	0.0060	0.0	0.00252
