ID	X	Y	X_error	Y_error
rowB201213215	7.0	0.012	0.0	0.00312
rowB201213215	8.0	0.023	0.0	0.00598
rowB201213215	9.0	0.047	0.0	0.01222
rowB201213215	9.5	0.058	0.0	0.01508
rowB201213215	10.0	0.065	0.0	0.0169
rowB201213215	11.0	0.053	0.0	0.013779999999999999
rowB201213215	15.0	0.012	0.0	0.00312
