ID	X	Y	X_error	Y_error
rowB201213253	15.0	0.0080	0.0	0.005200000000000001
rowB201213253	20.0	0.01	0.0	0.0063
rowB201213253	30.0	0.014	0.0	0.0091
rowB201213253	40.0	0.01	0.0	0.006500000000000001
rowB201213253	50.0	0.0070	0.0	0.00441
