ID	X	Y	X_error	Y_error
rowB201212813	15.0	1.25	0.0	0.1875
rowB201212813	20.0	1.83	0.0	0.2745
rowB201212813	30.0	2.17	0.0	0.32549999999999996
rowB201212813	50.0	2.47	0.0	0.37050000000000005
rowB201212813	100.0	2.35	0.0	0.3525
rowB201212813	200.0	1.78	0.0	0.267
