ID	X	Y	X_error	Y_error
rowB201213283	15.0	0.0020	0.0	0.0013000000000000002
rowB201213283	20.0	0.0020	0.0	0.00126
rowB201213283	30.0	0.0050	0.0	0.0030
rowB201213283	40.0	0.0040	0.0	0.0024
rowB201213283	50.0	0.0020	0.0	0.0012
