ID	X	Y	X_error	Y_error
rowB201213194	9.2	0.121	0.0	0.0242
rowB201213194	10.2	0.208	0.0	0.041600000000000005
rowB201213194	12.0	0.47	0.0	0.09399999999999999
rowB201213194	12.2	0.494	0.0	0.0988
rowB201213194	15.1	0.717	0.0	0.1434
rowB201213194	17.2	0.573	0.0	0.1146
rowB201213194	20.0	0.456	0.0	0.09120000000000002
rowB201213194	30.0	0.164	0.0	0.0328
rowB201213194	40.0	0.08	0.0	0.016
rowB201213194	60.0	0.038	0.0	0.0076
rowB201213194	100.0	0.0070	0.0	0.0014000000000000002
