ID	X	Y	X_error	Y_error
rowB201213250	15.0	0.047	0.0	0.021150000000000002
rowB201213250	20.0	0.047	0.0	0.02303
rowB201213250	30.0	0.041	0.0	0.01845
rowB201213250	40.0	0.02	0.0	0.0094
rowB201213250	50.0	0.0090	0.0	0.00441
