ID	X	Y	X_error	Y_error
rowB201213251	15.0	0.032	0.0	0.011200000000000002
rowB201213251	20.0	0.065	0.0	0.02145
rowB201213251	30.0	0.084	0.0	0.0252
rowB201213251	40.0	0.058	0.0	0.01798
rowB201213251	50.0	0.022	0.0	0.0074800000000000005
