ID	X	Y	X_error	Y_error
rowB201213259	15.0	0.0040	0.0	0.0022
rowB201213259	20.0	0.0090	0.0	0.00477
rowB201213259	30.0	0.015	0.0	0.0075
rowB201213259	40.0	0.011	0.0	0.0055
rowB201213259	50.0	0.0070	0.0	0.00357
