ID	X	Y	X_error	Y_error
rowB201213262	15.0	0.0060	0.0	0.0034200000000000003
rowB201213262	20.0	0.0090	0.0	0.00486
rowB201213262	30.0	0.014	0.0	0.00728
rowB201213262	40.0	0.014	0.0	0.007000000000000001
rowB201213262	50.0	0.0080	0.0	0.0044
