ID	X	Y	X_error	Y_error
rowB201214874	9.81	0.00337	0.0	0.0
rowB201214874	9.91	0.00519	0.0	0.0
