ID	X	Y	X_error	Y_error
rowB201213285	2.0	0.425	0.0	0.10625
rowB201213285	3.6	1.74	0.0	0.435
rowB201213285	4.0	1.7	0.0	0.425
rowB201213285	10.0	0.171	0.0	0.04275
rowB201213285	20.0	0.135	0.0	0.03375
