ID	X	Y	X_error	Y_error
rowB201213264	15.0	0.0050	0.0	0.0023
rowB201213264	20.0	0.0070	0.0	0.00322
rowB201213264	30.0	0.015	0.0	0.00645
rowB201213264	40.0	0.013	0.0	0.00546
rowB201213264	50.0	0.0090	0.0	0.0038699999999999997
