ID	X	Y	X_error	Y_error
rowB201213231	20.0	0.092	0.0	0.0322
rowB201213231	30.0	0.051	0.0	0.01785
rowB201213231	40.0	0.029	0.0	0.010150000000000001
rowB201213231	50.0	0.021	0.0	0.0073500000000000015
