ID	X	Y	X_error	Y_error
rowB201213226	0.0040	30.2	0.0	9.06
rowB201213226	0.0050	29.4	0.0	8.82
rowB201213226	0.01	23.8	0.0	7.140000000000001
rowB201213226	0.03	11.4	0.0	3.42
rowB201213226	0.05	7.5	0.0	2.25
rowB201213226	0.1	4.2	0.0	1.26
rowB201213226	0.0020	34.6	0.0	10.38
rowB201213226	0.0030	31.5	0.0	9.450000000000001
