ID	X	Y	X_error	Y_error
rowB201213240	20.0	0.051	0.0	0.01785
rowB201213240	30.0	0.086	0.0	0.0301
rowB201213240	40.0	0.109	0.0	0.03815
rowB201213240	50.0	0.118	0.0	0.041299999999999996
rowB201213240	100.0	0.123	0.0	0.030750000000000003
