ID	X	Y	X_error	Y_error
rowB201213297	1.0	0.5	0.0	0.125
rowB201213297	2.1	0.32	0.0	0.08
rowB201213297	3.0	0.31	0.0	0.0775
rowB201213297	4.0	0.385	0.0	0.09625
rowB201213297	5.0	0.43	0.0	0.1075
rowB201213297	6.0	0.489	0.0	0.12225
rowB201213297	7.0	0.52	0.0	0.13
rowB201213297	7.5	0.529	0.0	0.13225
rowB201213297	8.0	0.495	0.0	0.12375
rowB201213297	8.875	0.413	0.0	0.10325
rowB201213297	10.0	0.325	0.0	0.08125
rowB201213297	15.0	0.19	0.0	0.0475
rowB201213297	20.0	0.08	0.0	0.02
