ID	X	Y	X_error	Y_error
rowB201213213	6.0	0.023	0.0	0.00506
rowB201213213	7.0	0.06	0.0	0.013199999999999998
rowB201213213	8.0	0.096	0.0	0.02112
rowB201213213	9.0	0.163	0.0	0.03586
rowB201213213	9.5	0.201	0.0	0.04422000000000001
rowB201213213	10.0	0.255	0.0	0.056100000000000004
rowB201213213	11.0	0.175	0.0	0.0385
rowB201213213	15.0	0.039	0.0	0.00858
