ID	X	Y	X_error	Y_error
rowB201213298	0.6	3.65	0.0	0.73
rowB201213298	1.15	9.6	0.0	1.92
rowB201213298	2.5	0.3	0.0	0.06
rowB201213298	3.0	0.27	0.0	0.054000000000000006
rowB201213298	3.5	0.28	0.0	0.05600000000000001
rowB201213298	4.0	0.25	0.0	0.05
