ID	X	Y	X_error	Y_error
rowB201216307	25.0	0.028999999999999998	0.0	0.0
rowB201216307	100.0	0.17620000000000002	0.0	0.0
