ID	X	Y	X_error	Y_error
rowB201213257	15.0	0.0020	0.0	0.0013000000000000002
rowB201213257	20.0	0.0030	0.0	0.00189
rowB201213257	30.0	0.0030	0.0	0.0018
rowB201213257	40.0	0.0040	0.0	0.0024
rowB201213257	50.0	0.0030	0.0	0.00186
