ID	X	Y	X_error	Y_error
rowB201212812	15.0	0.315	0.0	0.04725
rowB201212812	20.0	0.56	0.0	0.084
rowB201212812	30.0	0.7	0.0	0.105
rowB201212812	50.0	0.76	0.0	0.114
rowB201212812	100.0	0.72	0.0	0.10799999999999998
rowB201212812	200.0	0.59	0.0	0.0885
