ID	X	Y	X_error	Y_error
rowB201213248	15.0	0.0040	0.0	0.00184
rowB201213248	20.0	0.0060	0.0	0.00264
rowB201213248	30.0	0.0090	0.0	0.00396
rowB201213248	40.0	0.013	0.0	0.0055899999999999995
rowB201213248	50.0	0.0080	0.0	0.0036
