ID	X	Y	X_error	Y_error
rowB201213249	15.0	0.012	0.0	0.00672
rowB201213249	20.0	0.015	0.0	0.00825
rowB201213249	30.0	0.021	0.0	0.01113
rowB201213249	40.0	0.015	0.0	0.0087
rowB201213249	50.0	0.012	0.0	0.0072
