ID	X	Y	X_error	Y_error
rowB201213284	15.0	0.0010	0.0	6.900000000000001E-4
rowB201213284	20.0	0.0010	0.0	6.8E-4
rowB201213284	30.0	0.0020	0.0	0.0013000000000000002
rowB201213284	40.0	0.0020	0.0	0.0013000000000000002
rowB201213284	50.0	0.0020	0.0	0.0013000000000000002
