ID	X	Y	X_error	Y_error
rowB201212817	20.0	0.02	0.0	0.0030
rowB201212817	30.0	0.44	0.0	0.066
rowB201212817	50.0	0.61	0.0	0.09150000000000001
rowB201212817	100.0	0.57	0.0	0.08549999999999999
rowB201212817	200.0	0.41	0.0	0.0615
