ID	X	Y	X_error	Y_error
rowB201213086	2.0	11.2	0.0	4.48
rowB201213086	3.0	13.5	0.0	5.4
rowB201213086	4.0	15.1	0.0	6.04
rowB201213086	5.0	15.8	0.0	6.32
rowB201213086	7.5	16.3	0.0	6.5200000000000005
rowB201213086	10.0	16.5	0.0	6.6000000000000005
rowB201213086	15.0	16.1	0.0	6.44
rowB201213086	20.0	14.4	0.0	5.76
rowB201213086	30.0	10.9	0.0	4.36
