ID	X	Y	X_error	Y_error
rowB201212651	15.0	3.25	0.0	0.8125
rowB201212651	20.0	5.8	0.0	1.45
rowB201212651	30.0	8.7	0.0	2.175
rowB201212651	50.0	10.1	0.0	2.525
rowB201212651	100.0	9.4	0.0	2.35
rowB201212651	200.0	7.1	0.0	1.7750000000000001
rowB201212651	300.0	5.85	0.0	1.4625000000000001
rowB201212651	400.0	5.0	0.0	1.25
