ID	X	Y	X_error	Y_error
rowB201100844	20	27.63585	0	3.03863
rowB201100844	30	26.7265	0	2.9407
rowB201100844	60	4.58312	0	.50364
rowB201100844	100	4.82095	0	.33856
rowB201100844	150	4.38167	0	.30778
rowB201100844	200	4.72023	0	.33016
rowB201100844	300	3.83046	0	.15109
rowB201100844	400	3.74932	0	.10632
rowB201100844	500	3.33522	0	.09233
rowB201100844	700	2.83158	0	.08394
rowB201100844	1000	2.39257	0	.1676
rowB201100844	2000	1.64774	0	.11528
rowB201100844	3000	1.37802	0	.09653
