ID	X	Y	X_error	Y_error
rowB201213256	15.0	0.0060	0.0	0.0022800000000000003
rowB201213256	20.0	0.0080	0.0	0.00288
rowB201213256	30.0	0.016	0.0	0.00544
rowB201213256	40.0	0.019	0.0	0.0064600000000000005
rowB201213256	50.0	0.01	0.0	0.0036
