ID	X	Y	X_error	Y_error
rowB201212998	0.0	2.0E-4	0.0	0.0
rowB201212998	1.0	4.6E-4	0.0	0.0
rowB201212998	1.5	0.00257	0.0	0.0
rowB201212998	1.75	0.00657	0.0	0.0
rowB201212998	2.0	0.014	0.0	0.0
rowB201212998	2.25	0.018	0.0	0.0
rowB201212998	2.5	0.0152	0.0	0.0
rowB201212998	2.75	0.00506	0.0	0.0
rowB201212998	3.0	0.0023	0.0	0.0
