ID	X	Y	X_error	Y_error
rowB201213252	15.0	0.014	0.0	0.0049
rowB201213252	20.0	0.019	0.0	0.00627
rowB201213252	30.0	0.025	0.0	0.0075
rowB201213252	40.0	0.03	0.0	0.0093
rowB201213252	50.0	0.022	0.0	0.0074800000000000005
