ID	X	Y	X_error	Y_error
rowB201215953	28.5	0.049	0.0	0.017
rowB201215953	33.5	0.055999999999999994	0.0	0.02
rowB201215953	38.5	0.052000000000000005	0.0	0.018000000000000002
rowB201215953	48.5	0.046	0.0	0.016
rowB201215953	58.5	0.039	0.0	0.013999999999999999
rowB201215953	73.5	0.032	0.0	0.013999999999999999
rowB201215953	98.5	0.03	0.0	0.012
rowB201215953	148.5	0.027999999999999997	0.0	0.011000000000000001
rowB201215953	198.5	0.028999999999999998	0.0	0.011000000000000001
