ID	X	Y	X_error	Y_error
rowB201213229	6.5	0.355	0.0	0.08875
rowB201213229	7.0	0.595	0.0	0.14875
rowB201213229	7.5	0.76	0.0	0.19
rowB201213229	8.0	0.915	0.0	0.22875
rowB201213229	8.5	1.13	0.0	0.2825
rowB201213229	9.0	1.19	0.0	0.2975
rowB201213229	9.5	1.11	0.0	0.2775
rowB201213229	12.5	0.417	0.0	0.10425
rowB201213229	15.0	0.285	0.0	0.07125
rowB201213229	20.0	0.369	0.0	0.12915
rowB201213229	30.0	0.237	0.0	0.08295
rowB201213229	40.0	0.119	0.0	0.04165
rowB201213229	50.0	0.065	0.0	0.02275
