ID	X	Y	X_error	Y_error
rowB201213096	0.4	57.2	0.0	22.88
rowB201213096	0.6	39.4	0.0	15.76
rowB201213096	1.15	36.1	0.0	10.83
rowB201213096	1.7	18.9	0.0	5.67
rowB201213096	2.0	16.9	0.0	5.069999999999999
rowB201213096	2.5	15.3	0.0	4.59
rowB201213096	3.0	19.6	0.0	5.88
rowB201213096	3.5	23.0	0.0	6.9
rowB201213096	4.0	26.3	0.0	7.890000000000001
rowB201213096	5.0	25.8	0.0	7.74
