ID	X	Y	X_error	Y_error
rowB201212789	70.0	1.8E-4	0.0	2.8800000000000002E-5
rowB201212789	80.0	2.1E-4	0.0	3.3600000000000004E-5
rowB201212789	90.0	2.8E-4	0.0	4.48E-5
rowB201212789	100.0	2.7000000000000006E-4	0.0	4.320000000000001E-5
rowB201212789	120.0	2.1E-4	0.0	3.3600000000000004E-5
rowB201212789	140.0	3.5E-4	0.0	5.6E-5
rowB201212789	160.0	2.9E-4	0.0	4.64E-5
rowB201212789	180.0	3.2E-4	0.0	5.1200000000000004E-5
rowB201212789	200.0	3.1E-4	0.0	4.96E-5
