ID	X	Y	X_error	Y_error
rowB201216024	10.0	0.15	0.0	0.0
rowB201216024	15.0	0.48	0.0	0.0
rowB201216024	20.0	0.7000000000000001	0.0	0.0
rowB201216024	30.0	1.3	0.0	0.0
rowB201216024	50.0	1.9000000000000001	0.0	0.0
rowB201216024	75.0	2.1	0.0	0.0
rowB201216024	100.0	2.05	0.0	0.0
rowB201216024	150.0	1.98	0.0	0.0
rowB201216024	200.0	1.75	0.0	0.0
rowB201216024	250.0	1.6	0.0	0.0
rowB201216024	300.0	1.4000000000000001	0.0	0.0
