ID	X	Y	X_error	Y_error
rowB201213245	15.0	0.012	0.0	0.0042
rowB201213245	20.0	0.015	0.0	0.00495
rowB201213245	30.0	0.02	0.0	0.0060
rowB201213245	40.0	0.018	0.0	0.005399999999999999
rowB201213245	50.0	0.012	0.0	0.0042
