ID	X	Y	X_error	Y_error
rowB201100833	20	30.83396	0	3.04982
rowB201100833	30	31.98114	0	2.96588
rowB201100833	60	10.31063	0	.63235
rowB201100833	100	10.66038	0	.64074
rowB201100833	150	9.9357	0	.62675
rowB201100833	200	9.58035	0	.59877
rowB201100833	300	7.77844	0	.41131
rowB201100833	400	7.15169	0	.35255
rowB201100833	500	6.25633	0	.29379
rowB201100833	700	5.14832	0	.24622
rowB201100833	1000	4.16342	0	.23783
rowB201100833	2000	2.68412	0	.16172
rowB201100833	3000	2.1304	0	.12703
