ID	X	Y	X_error	Y_error
rowB201213225	9.0	0.092	0.0	0.03496
rowB201213225	10.0	0.132	0.0	0.05016
rowB201213225	12.0	0.12	0.0	0.045599999999999995
rowB201213225	15.0	0.107	0.0	0.04066
rowB201213225	20.0	0.094	0.0	0.03572
rowB201213225	45.0	0.038	0.0	0.01444
