ID	X	Y	X_error	Y_error
rowB201213287	2.0	0.83	0.0	0.20750000000000002
rowB201213287	3.8	0.54	0.0	0.135
rowB201213287	4.0	0.511	0.0	0.12775
rowB201213287	10.0	0.185	0.0	0.04625
rowB201213287	20.0	0.11	0.0	0.033
rowB201213287	50.0	0.033	0.0	0.0165
