ID	X	Y	X_error	Y_error
rowB201213214	7.0	0.026	0.0	0.00624
rowB201213214	8.0	0.041	0.0	0.00984
rowB201213214	9.0	0.081	0.0	0.01944
rowB201213214	9.5	0.101	0.0	0.024240000000000005
rowB201213214	10.0	0.115	0.0	0.027600000000000003
rowB201213214	11.0	0.09	0.0	0.0216
rowB201213214	15.0	0.022	0.0	0.00528
