ID	X	Y	X_error	Y_error
rowB201213254	15.0	0.027	0.0	0.01539
rowB201213254	20.0	0.023	0.0	0.01426
rowB201213254	30.0	0.018	0.0	0.009899999999999999
rowB201213254	40.0	0.021	0.0	0.010920000000000001
rowB201213254	50.0	0.02	0.0	0.011400000000000002
