ID	X	Y	X_error	Y_error
rowB201213201	2.1	0.34	0.0	0.09180000000000002
rowB201213201	3.0	0.26	0.0	0.07020000000000001
