ID	X	Y	X_error	Y_error
rowB201213300	0.6	3.0	0.0	0.6
rowB201213300	1.15	3.8	0.0	0.76
rowB201213300	2.5	0.82	0.0	0.16399999999999998
rowB201213300	3.0	0.62	0.0	0.12400000000000001
rowB201213300	3.5	0.63	0.0	0.126
rowB201213300	4.0	0.69	0.0	0.13799999999999998
