ID	X	Y	X_error	Y_error
rowB201216305	25.0	0.00363	0.0	0.0
rowB201216305	100.0	0.018000000000000002	0.0	0.0
