ID	X	Y	X_error	Y_error
10039	3.500000e+00	8.400000e-21	0	0.0
10039	4.000000e+00	3.500000e-20	0	0.0
10039	4.500000e+00	1.440000e-19	0	0.0
10039	5.000000e+00	4.570000e-19	0	0.0
10039	5.500000e+00	5.280000e-19	0	0.0
10039	6.000000e+00	3.940000e-19	0	0.0
10039	6.500000e+00	2.510000e-19	0	0.0
10039	7.000000e+00	1.300000e-19	0	0.0
10039	7.500000e+00	4.600000e-20	0	0.0
10039	8.000000e+00	8.400000e-21	0	0.0
10039	8.500000e+00	3.200000e-21	0	0.0
