ID	X	Y	X_error	Y_error
10041	1.025000e+01	1.900000e-22	0	0.0
10041	1.050000e+01	3.700000e-22	0	0.0
10041	1.100000e+01	1.400000e-21	0	0.0
10041	1.150000e+01	4.200000e-21	0	0.0
10041	1.200000e+01	7.600000e-21	0	0.0
10041	1.250000e+01	1.060000e-19	0	0.0
10041	1.300000e+01	8.700000e-21	0	0.0
10041	1.350000e+01	4.400000e-21	0	0.0
10041	1.400000e+01	1.700000e-21	0	0.0
10041	1.450000e+01	6.800000e-22	0	0.0
10041	1.500000e+01	2.800000e-22	0	0.0
