ID	X	Y	X_error	Y_error
10059	1.500000e+01	2.200000e-17	0	0.0
10059	2.000000e+01	4.400000e-17	0	0.0
10059	3.000000e+01	6.400000e-17	0	0.0
10059	5.000000e+01	7.400000e-17	0	0.0
10059	1.000000e+02	8.000000e-17	0	0.0
10059	2.000000e+02	6.200000e-17	0	0.0
10059	3.000000e+02	3.500000e-17	0	0.0
