ID	X	Y	X_error	Y_error
10058	1.500000e+01	2.000000e-17	0	0.0
10058	2.000000e+01	1.070000e-16	0	0.0
10058	3.000000e+01	2.300000e-16	0	0.0
10058	5.000000e+01	3.300000e-16	0	0.0
10058	1.000000e+02	3.550000e-16	0	0.0
10058	2.000000e+02	3.020000e-16	0	0.0
10058	3.000000e+02	2.370000e-16	0	0.0
10058	4.000000e+02	2.010000e-16	0	0.0
