ID	X	Y	X_error	Y_error
10052	1.500000e+01	3.500000e-18	0	0.0
10052	2.000000e+01	4.200000e-17	0	0.0
10052	3.000000e+01	9.200000e-17	0	0.0
10052	5.000000e+01	1.250000e-16	0	0.0
10052	1.000000e+02	1.350000e-16	0	0.0
