ID	X	Y	X_error	Y_error
10054	3.000000e+01	3.000000e-18	0	0.0
10054	5.000000e+01	9.400000e-18	0	0.0
10054	1.000000e+02	1.000000e-17	0	0.0
