ID	X	Y	X_error	Y_error
10051	1.500000e+01	1.800000e-17	0	0.0
10051	2.000000e+01	6.800000e-17	0	0.0
10051	3.000000e+01	1.260000e-16	0	0.0
10051	5.000000e+01	1.690000e-16	0	0.0
10051	1.000000e+02	1.780000e-16	0	0.0
