ID	X	Y	X_error	Y_error
10055	3.000000e+01	2.000000e-19	0	0.0
10055	5.000000e+01	2.100000e-18	0	0.0
10055	1.000000e+02	3.300000e-18	0	0.0
