ID	X	Y	X_error	Y_error
10057	3.000000e+01	2.600000e-18	0	0.0
10057	5.000000e+01	9.000000e-18	0	0.0
10057	1.000000e+02	1.340000e-17	0	0.0
