ID	X	Y	X_error	Y_error
10053	2.000000e+01	1.400000e-18	0	0.0
10053	3.000000e+01	1.250000e-17	0	0.0
10053	5.000000e+01	2.200000e-17	0	0.0
10053	1.000000e+02	2.300000e-17	0	0.0
