ID	X	Y	X_error	Y_error
10056	3.000000e+01	6.000000e-19	0	0.0
10056	5.000000e+01	1.600000e-18	0	0.0
10056	1.000000e+02	2.200000e-18	0	0.0
