ID	X	Y	X_error	Y_error
10068	5.000000e+01	2.000000e-18	0	0.0
10068	1.000000e+02	3.800000e-18	0	0.0
10068	2.000000e+02	3.800000e-18	0	0.0
10068	3.000000e+02	3.600000e-18	0	0.0
