ID	X	Y	X_error	Y_error
10062	1.500000e+01	4.000000e-19	0	0.0
10062	2.000000e+01	1.400000e-17	0	0.0
10062	3.000000e+01	5.500000e-17	0	0.0
10062	5.000000e+01	8.900000e-17	0	0.0
10062	1.000000e+02	9.600000e-17	0	0.0
10062	2.000000e+02	8.400000e-17	0	0.0
10062	3.000000e+02	7.400000e-17	0	0.0
