ID	X	Y	X_error	Y_error
10069	5.000000e+01	7.000000e-19	0	0.0
10069	1.000000e+02	1.200000e-18	0	0.0
10069	2.000000e+02	1.000000e-18	0	0.0
