ID	X	Y	X_error	Y_error
10065	1.000000e+02	2.000000e-18	0	0.0
10065	2.000000e+02	2.900000e-18	0	0.0
10065	3.000000e+02	2.300000e-18	0	0.0
