ID	X	Y	X_error	Y_error
10060	1.500000e+01	8.400000e-18	0	0.0
10060	2.000000e+01	2.600000e-17	0	0.0
10060	3.000000e+01	4.500000e-17	0	0.0
10060	5.000000e+01	5.700000e-17	0	0.0
10060	1.000000e+02	6.500000e-17	0	0.0
10060	2.000000e+02	5.400000e-17	0	0.0
10060	3.000000e+02	3.400000e-17	0	0.0
