ID	X	Y	X_error	Y_error
10066	1.500000e+01	1.000000e-19	0	0.0
10066	2.000000e+01	2.700000e-18	0	0.0
10066	3.000000e+01	6.800000e-18	0	0.0
10066	5.000000e+01	1.200000e-17	0	0.0
10066	1.000000e+02	1.300000e-17	0	0.0
10066	2.000000e+02	1.060000e-17	0	0.0
10066	3.000000e+02	1.060000e-17	0	0.0
