ID	X	Y	X_error	Y_error
10063	2.000000e+01	5.400000e-18	0	0.0
10063	3.000000e+01	2.500000e-17	0	0.0
10063	5.000000e+01	5.700000e-17	0	0.0
10063	1.000000e+02	6.300000e-17	0	0.0
10063	2.000000e+02	5.100000e-17	0	0.0
10063	3.000000e+02	4.500000e-17	0	0.0
