ID	X	Y	X_error	Y_error
10064	3.000000e+01	5.000000e-19	0	0.0
10064	5.000000e+01	9.000000e-18	0	0.0
10064	1.000000e+02	1.000000e-17	0	0.0
10064	2.000000e+02	1.000000e-17	0	0.0
10064	3.000000e+02	9.400000e-17	0	0.0
