ID	X	Y	X_error	Y_error
10061	1.500000e+01	4.800000e-17	0	0.0
10061	2.000000e+01	1.330000e-16	0	0.0
10061	3.000000e+01	2.220000e-16	0	0.0
10061	5.000000e+01	2.730000e-16	0	0.0
10061	1.000000e+02	3.000000e-16	0	0.0
10061	2.000000e+02	2.610000e-16	0	0.0
10061	3.000000e+02	2.000000e-16	0	0.0
