ID	X	Y	X_error	Y_error
10067	3.000000e+01	1.700000e-18	0	0.0
10067	5.000000e+01	7.000000e-18	0	0.0
10067	1.000000e+02	9.000000e-18	0	0.0
10067	2.000000e+02	7.500000e-18	0	0.0
10067	3.000000e+02	7.400000e-18	0	0.0
