ID	X	Y	X_error	Y_error
10079	1.500000e+01	3.150000e-17	0	0.0
10079	2.000000e+01	5.600000e-17	0	0.0
10079	3.000000e+01	7.000000e-17	0	0.0
10079	5.000000e+01	7.600000e-17	0	0.0
10079	1.000000e+02	7.200000e-17	0	0.0
10079	2.000000e+02	5.900000e-17	0	0.0
