ID	X	Y	X_error	Y_error
10073	1.500000e+01	2.000000e-19	0	0.0
10073	2.000000e+01	1.260000e-17	0	0.0
10073	3.000000e+01	5.100000e-17	0	0.0
10073	5.000000e+01	6.100000e-17	0	0.0
10073	1.000000e+02	5.300000e-17	0	0.0
10073	2.000000e+02	4.100000e-17	0	0.0
