ID	X	Y	X_error	Y_error
10078	1.500000e+01	6.600000e-17	0	0.0
10078	2.000000e+01	8.500000e-17	0	0.0
10078	3.000000e+01	9.900000e-17	0	0.0
10078	5.000000e+01	1.100000e-16	0	0.0
10078	1.000000e+02	1.070000e-16	0	0.0
10078	2.000000e+02	7.600000e-17	0	0.0
