ID	X	Y	X_error	Y_error
10071	1.500000e+01	5.650000e-17	0	0.0
10071	2.000000e+01	1.200000e-16	0	0.0
10071	3.000000e+01	1.630000e-16	0	0.0
10071	5.000000e+01	1.820000e-16	0	0.0
10071	1.000000e+02	1.720000e-16	0	0.0
10071	2.000000e+02	1.400000e-16	0	0.0
