ID	X	Y	X_error	Y_error
10077	1.500000e+01	1.370000e-16	0	0.0
10077	2.000000e+01	2.920000e-16	0	0.0
10077	3.000000e+01	4.500000e-16	0	0.0
10077	5.000000e+01	5.360000e-16	0	0.0
10077	1.000000e+02	5.300000e-16	0	0.0
10077	2.000000e+02	4.190000e-16	0	0.0
10077	3.000000e+02	3.420000e-16	0	0.0
10077	4.000000e+02	2.850000e-16	0	0.0
