ID	X	Y	X_error	Y_error
10070	1.500000e+01	7.800000e-17	0	0.0
10070	2.000000e+01	2.250000e-16	0	0.0
10070	3.000000e+01	4.220000e-16	0	0.0
10070	5.000000e+01	5.750000e-16	0	0.0
10070	1.000000e+02	6.040000e-16	0	0.0
10070	2.000000e+02	5.480000e-16	0	0.0
10070	3.000000e+02	4.500000e-16	0	0.0
10070	4.000000e+02	3.700000e-16	0	0.0
