ID	X	Y	X_error	Y_error
10074	1.500000e+01	1.400000e-18	0	0.0
10074	2.000000e+01	6.100000e-18	0	0.0
10074	3.000000e+01	3.100000e-17	0	0.0
10074	5.000000e+01	4.800000e-17	0	0.0
10074	1.000000e+02	4.300000e-17	0	0.0
10074	2.000000e+02	2.100000e-17	0	0.0
