ID	X	Y	X_error	Y_error
10076	3.000000e+01	2.000000e-18	0	0.0
10076	5.000000e+01	1.700000e-17	0	0.0
10076	1.000000e+02	4.000000e-17	0	0.0
10076	2.000000e+02	3.200000e-17	0	0.0
