ID	X	Y	X_error	Y_error
10075	3.000000e+01	1.240000e-17	0	0.0
10075	5.000000e+01	1.100000e-17	0	0.0
10075	1.000000e+02	1.300000e-17	0	0.0
10075	2.000000e+02	1.000000e-17	0	0.0
