ID	X	Y	X_error	Y_error
10072	1.500000e+01	7.800000e-17	0	0.0
10072	2.000000e+01	1.530000e-16	0	0.0
10072	3.000000e+01	2.030000e-16	0	0.0
10072	5.000000e+01	2.200000e-16	0	0.0
10072	1.000000e+02	2.100000e-16	0	0.0
10072	2.000000e+02	1.750000e-16	0	0.0
