ID	X	Y	X_error	Y_error
10087	2.000000e+01	1.300000e-17	0	0.0
10087	3.000000e+01	4.000000e-17	0	0.0
10087	5.000000e+01	5.550000e-17	0	0.0
10087	1.000000e+02	5.000000e-17	0	0.0
10087	2.000000e+02	3.400000e-17	0	0.0
