ID	X	Y	X_error	Y_error
10088	3.000000e+01	2.400000e-17	0	0.0
10088	5.000000e+01	4.850000e-17	0	0.0
10088	1.000000e+02	4.600000e-17	0	0.0
10088	2.000000e+02	3.900000e-17	0	0.0
