ID	X	Y	X_error	Y_error
10081	1.500000e+01	1.000000e-17	0	0.0
10081	2.000000e+01	3.000000e-17	0	0.0
10081	3.000000e+01	4.200000e-17	0	0.0
10081	5.000000e+01	4.800000e-17	0	0.0
10081	1.000000e+02	4.900000e-17	0	0.0
10081	2.000000e+02	4.200000e-17	0	0.0
