ID	X	Y	X_error	Y_error
10080	1.500000e+01	1.250000e-16	0	0.0
10080	2.000000e+01	1.830000e-16	0	0.0
10080	3.000000e+01	2.170000e-16	0	0.0
10080	5.000000e+01	2.470000e-16	0	0.0
10080	1.000000e+02	2.350000e-16	0	0.0
10080	2.000000e+02	1.780000e-16	0	0.0
