ID	X	Y	X_error	Y_error
10086	3.000000e+01	4.400000e-17	0	0.0
10086	5.000000e+01	4.700000e-17	0	0.0
10086	1.000000e+02	4.200000e-17	0	0.0
10086	2.000000e+02	2.900000e-17	0	0.0
