ID	X	Y	X_error	Y_error
10084	2.000000e+01	2.000000e-18	0	0.0
10084	3.000000e+01	4.400000e-17	0	0.0
10084	5.000000e+01	6.100000e-17	0	0.0
10084	1.000000e+02	5.750000e-17	0	0.0
10084	2.000000e+02	4.100000e-17	0	0.0
