ID	X	Y	X_error	Y_error
10085	1.500000e+01	3.200000e-17	0	0.0
10085	2.000000e+01	5.700000e-17	0	0.0
10085	3.000000e+01	6.600000e-17	0	0.0
10085	5.000000e+01	7.000000e-17	0	0.0
10085	1.000000e+02	6.800000e-17	0	0.0
10085	2.000000e+02	5.300000e-17	0	0.0
