ID	X	Y	X_error	Y_error
10083	2.000000e+01	2.100000e-17	0	0.0
10083	3.000000e+01	8.400000e-17	0	0.0
10083	5.000000e+01	7.600000e-17	0	0.0
10083	1.000000e+02	8.200000e-17	0	0.0
10083	2.000000e+02	6.400000e-17	0	0.0
