ID	X	Y	X_error	Y_error
10082	1.500000e+01	4.900000e-17	0	0.0
10082	2.000000e+01	9.800000e-17	0	0.0
10082	3.000000e+01	1.400000e-16	0	0.0
10082	5.000000e+01	1.100000e-16	0	0.0
10082	1.000000e+02	1.420000e-16	0	0.0
10082	2.000000e+02	1.070000e-16	0	0.0
