ID	X	Y	X_error	Y_error
10089	1.500000e+01	3.250000e-16	0	0.0
10089	2.000000e+01	5.800000e-16	0	0.0
10089	3.000000e+01	8.700000e-16	0	0.0
10089	5.000000e+01	1.010000e-15	0	0.0
10089	1.000000e+02	9.400000e-16	0	0.0
10089	2.000000e+02	7.100000e-16	0	0.0
10089	3.000000e+02	5.850000e-16	0	0.0
10089	4.000000e+02	5.000000e-16	0	0.0
