ID	X	Y	X_error	Y_error
10307	1.500000e+00	3.780000e-17	0	0.0
10307	2.000000e+00	3.500000e-17	0	0.0
10307	3.000000e+00	7.340000e-17	0	0.0
10307	3.500000e+00	1.510000e-16	0	0.0
10307	3.800000e+00	1.960000e-16	0	0.0
10307	4.000000e+00	1.970000e-16	0	0.0
10307	4.500000e+00	1.420000e-16	0	0.0
10307	5.000000e+00	9.380000e-17	0	0.0
10307	6.000000e+00	5.760000e-17	0	0.0
10307	1.500000e+01	1.200000e-17	0	0.0
10307	3.000000e+01	1.530000e-17	0	0.0
