ID	X	Y	X_error	Y_error
10306	1.500000e+00	2.770000e-17	0	0.0
10306	2.000000e+00	4.200000e-17	0	0.0
10306	3.000000e+00	8.780000e-17	0	0.0
10306	3.500000e+00	1.250000e-16	0	0.0
10306	3.800000e+00	1.290000e-16	0	0.0
10306	4.000000e+00	1.070000e-16	0	0.0
10306	4.500000e+00	5.260000e-17	0	0.0
10306	5.000000e+00	1.810000e-17	0	0.0
10306	6.000000e+00	8.400000e-18	0	0.0
10306	1.500000e+01	2.210000e-18	0	0.0
10306	3.000000e+01	2.100000e-18	0	0.0
