ID	X	Y	X_error	Y_error
10308	1.500000e+00	6.390000e-17	0	0.0
10308	2.000000e+00	4.640000e-17	0	0.0
10308	3.000000e+00	4.170000e-17	0	0.0
10308	3.500000e+00	4.560000e-17	0	0.0
10308	3.800000e+00	4.430000e-17	0	0.0
10308	4.000000e+00	4.330000e-17	0	0.0
10308	4.500000e+00	3.560000e-17	0	0.0
10308	5.000000e+00	3.000000e-17	0	0.0
10308	6.000000e+00	2.620000e-17	0	0.0
10308	1.500000e+01	1.410000e-17	0	0.0
10308	3.000000e+01	8.150000e-18	0	0.0
