ID	X	Y	X_error	Y_error
10598	1.500000e+01	4.110000e-19	0	2.26e-19
10598	2.000000e+01	8.760000e-19	0	4.64e-19
10598	3.000000e+01	1.535000e-18	0	7.67e-19
10598	4.000000e+01	1.047000e-18	0	5.24e-19
10598	5.000000e+01	6.680000e-19	0	3.41e-19
