ID	X	Y	X_error	Y_error
10599	1.500000e+01	2.310000e-18	0	6.24e-19
10599	2.000000e+01	3.274000e-18	0	8.18e-19
10599	3.000000e+01	4.132000e-18	0	9.5e-19
10599	4.000000e+01	4.677000e-18	0	1.076e-18
10599	5.000000e+01	3.269000e-18	0	8.5e-19
