ID	X	Y	X_error	Y_error
10596	1.500000e+01	1.223000e-18	0	4.28e-19
10596	2.000000e+01	1.483000e-18	0	4.89e-19
10596	3.000000e+01	2.015000e-18	0	6.04e-19
10596	4.000000e+01	1.759000e-18	0	5.45e-19
10596	5.000000e+01	1.233000e-18	0	4.32e-19
