ID	X	Y	X_error	Y_error
10597	1.500000e+01	2.270000e-19	0	1.47e-19
10597	2.000000e+01	2.670000e-19	0	1.68e-19
10597	3.000000e+01	3.370000e-19	0	2.02e-19
10597	4.000000e+01	3.930000e-19	0	2.36e-19
10597	5.000000e+01	2.660000e-19	0	1.65e-19
