ID	X	Y	X_error	Y_error
10607	1.500000e+01	2.550000e-19	0	2.99e-19
10607	3.000000e+01	5.300000e-19	0	5.3e-19
10607	4.000000e+01	5.840000e-19	0	5.84e-19
10607	5.000000e+01	5.640000e-19	0	5.07e-19
