ID	X	Y	X_error	Y_error
10602	1.500000e+01	1.440000e-18	0	5.04e-19
10602	2.000000e+01	1.853000e-18	0	6.12e-19
10602	3.000000e+01	2.537000e-18	0	7.61e-19
10602	4.000000e+01	2.968000e-18	0	9.2e-19
10602	5.000000e+01	2.199000e-18	0	7.48e-19
