ID	X	Y	X_error	Y_error
10608	1.500000e+01	4.640000e-19	0	2.13e-19
10608	2.000000e+01	6.490000e-19	0	2.99e-19
10608	3.000000e+01	1.536000e-18	0	6.6e-19
10608	4.000000e+01	1.306000e-18	0	5.49e-19
10608	5.000000e+01	8.690000e-19	0	3.82e-19
