ID	X	Y	X_error	Y_error
10606	1.500000e+01	4.400000e-19	0	2.02e-19
10606	2.000000e+01	6.070000e-19	0	2.67e-19
10606	3.000000e+01	9.290000e-19	0	4.09e-19
10606	4.000000e+01	1.282000e-18	0	5.51e-19
10606	5.000000e+01	8.000000e-19	0	3.6e-19
