ID	X	Y	X_error	Y_error
10601	1.500000e+01	4.710000e-19	0	2.03e-19
10601	2.000000e+01	6.630000e-19	0	2.72e-19
10601	3.000000e+01	1.213000e-18	0	4.85e-19
10601	4.000000e+01	1.463000e-18	0	5.85e-19
10601	5.000000e+01	9.180000e-19	0	3.86e-19
