ID	X	Y	X_error	Y_error
10600	1.500000e+01	6.730000e-19	0	2.56e-19
10600	2.000000e+01	8.090000e-19	0	2.91e-19
10600	3.000000e+01	1.629000e-18	0	5.54e-19
10600	4.000000e+01	1.890000e-18	0	6.43e-19
10600	5.000000e+01	1.032000e-18	0	3.72e-19
