ID	X	Y	X_error	Y_error
10605	1.500000e+01	5.750000e-19	0	3.28e-19
10605	2.000000e+01	8.700000e-19	0	4.7e-19
10605	3.000000e+01	1.380000e-18	0	7.18e-19
10605	4.000000e+01	1.367000e-18	0	6.83e-19
10605	5.000000e+01	8.380000e-19	0	4.61e-19
