ID	X	Y	X_error	Y_error
10604	1.500000e+01	4.220000e-19	0	2.4e-19
10604	2.000000e+01	5.890000e-19	0	3.35e-19
10604	3.000000e+01	6.920000e-19	0	3.67e-19
10604	4.000000e+01	9.320000e-19	0	4.94e-19
10604	5.000000e+01	5.900000e-19	0	3.3e-19
