ID	X	Y	X_error	Y_error
10609	1.500000e+01	9.430000e-19	0	3.39e-19
10609	2.000000e+01	1.340000e-18	0	4.42e-19
10609	3.000000e+01	2.270000e-18	0	6.81e-19
10609	4.000000e+01	2.174000e-18	0	6.52e-19
10609	5.000000e+01	1.336000e-18	0	4.28e-19
