ID	X	Y	X_error	Y_error
10603	1.500000e+01	4.220000e-19	0	1.81e-19
10603	2.000000e+01	5.630000e-19	0	2.31e-19
10603	3.000000e+01	9.700000e-19	0	3.88e-19
10603	4.000000e+01	1.056000e-18	0	4.22e-19
10603	5.000000e+01	6.280000e-19	0	2.64e-19
