ID	X	Y	X_error	Y_error
10615	1.500000e+01	2.729000e-18	0	1.556e-18
10615	2.000000e+01	2.296000e-18	0	1.423e-18
10615	3.000000e+01	1.837000e-18	0	1.01e-18
10615	4.000000e+01	2.116000e-18	0	1.1e-18
10615	5.000000e+01	2.027000e-18	0	1.156e-18
