ID	X	Y	X_error	Y_error
10611	1.500000e+01	9.800000e-20	0	6.8e-20
10611	2.000000e+01	1.100000e-19	0	7.5e-20
10611	3.000000e+01	2.110000e-19	0	1.37e-19
10611	4.000000e+01	1.530000e-19	0	9.9e-20
10611	5.000000e+01	1.510000e-19	0	9.8e-20
