ID	X	Y	X_error	Y_error
10613	1.500000e+01	4.712000e-18	0	2.121e-18
10613	2.000000e+01	4.653000e-18	0	2.28e-18
10613	3.000000e+01	4.137000e-18	0	1.861e-18
10613	4.000000e+01	1.964000e-18	0	9.23e-19
10613	5.000000e+01	9.400000e-19	0	4.61e-19
