ID	X	Y	X_error	Y_error
10617	1.500000e+01	3.606000e-18	0	1.515e-18
10617	2.000000e+01	5.468000e-18	0	2.078e-18
10617	3.000000e+01	1.184900e-17	0	4.503e-18
10617	4.000000e+01	1.392600e-17	0	5.431e-18
10617	5.000000e+01	1.184600e-17	0	4.976e-18
