ID	X	Y	X_error	Y_error
10619	1.500000e+01	4.510000e-17	0	1.53e-17
10619	1.750000e+01	2.820000e-17	0	8.9e-18
10619	2.000000e+01	1.340000e-17	0	5.5e-18
10619	3.000000e+01	8.700000e-18	0	2.5e-18
10619	5.000000e+01	4.900000e-18	0	1.5e-18
