ID	X	Y	X_error	Y_error
10610	1.500000e+01	1.530000e-19	0	9.9e-20
10610	2.000000e+01	2.310000e-19	0	1.46e-19
10610	3.000000e+01	4.720000e-19	0	2.83e-19
10610	4.000000e+01	4.340000e-19	0	2.6e-19
10610	5.000000e+01	1.740000e-19	0	1.06e-19
