ID	X	Y	X_error	Y_error
10612	1.500000e+01	7.630000e-19	0	4.96e-19
10612	2.000000e+01	9.830000e-19	0	6.19e-19
10612	3.000000e+01	1.351000e-18	0	8.79e-19
10612	4.000000e+01	9.490000e-19	0	6.17e-19
10612	5.000000e+01	6.740000e-19	0	4.25e-19
