ID	X	Y	X_error	Y_error
10616	1.500000e+01	3.245000e-18	0	1.136e-18
10616	2.000000e+01	6.526000e-18	0	2.154e-18
10616	3.000000e+01	8.419000e-18	0	2.526e-18
10616	4.000000e+01	5.776000e-18	0	1.791e-18
10616	5.000000e+01	2.158000e-18	0	7.34e-19
