ID	X	Y	X_error	Y_error
10614	1.500000e+01	1.186000e-18	0	6.64e-19
10614	2.000000e+01	1.499000e-18	0	8.24e-19
10614	3.000000e+01	2.126000e-18	0	1.127e-18
10614	4.000000e+01	1.466000e-18	0	8.5e-19
10614	5.000000e+01	1.239000e-18	0	7.43e-19
