ID	X	Y	X_error	Y_error
10618	1.500000e+01	1.420000e-17	0	5e-18
10618	1.750000e+01	1.600000e-17	0	4.5e-18
10618	2.000000e+01	1.110000e-17	0	4e-18
10618	3.000000e+01	7.800000e-18	0	3e-18
10618	5.000000e+01	5.500000e-18	0	2.2e-18
