ID	X	Y	X_error	Y_error
10625	1.500000e+01	5.180000e-17	0	1.35e-17
10625	1.750000e+01	3.040000e-17	0	8.8e-18
10625	2.000000e+01	1.610000e-17	0	4.8e-18
10625	3.000000e+01	9.500000e-18	0	3e-18
10625	5.000000e+01	3.400000e-18	0	1.2e-18
