ID	X	Y	X_error	Y_error
10624	1.500000e+01	7.800000e-18	0	2.3e-18
10624	1.750000e+01	5.700000e-18	0	2.2e-18
10624	2.000000e+01	3.800000e-18	0	2e-18
10624	3.000000e+01	1.080000e-18	0	3.8e-19
10624	5.000000e+01	5.200000e-19	0	1.8e-19
