ID	X	Y	X_error	Y_error
10620	1.500000e+01	1.920000e-17	0	5e-18
10620	1.750000e+01	2.110000e-17	0	5.3e-18
10620	2.000000e+01	1.080000e-17	0	3.4e-18
10620	3.000000e+01	6.000000e-18	0	2.1e-18
10620	5.000000e+01	2.000000e-18	0	8e-19
