ID	X	Y	X_error	Y_error
10626	1.500000e+01	3.100000e-19	0	1.2e-19
10626	1.750000e+01	5.700000e-19	0	2.2e-19
10626	2.000000e+01	1.700000e-18	0	5.9e-19
10626	3.000000e+01	1.100000e-18	0	4.1e-19
10626	5.000000e+01	1.980000e-19	0	9.9e-20
