ID	X	Y	X_error	Y_error
10629	6.000000e+00	4.272000e-17	0	1.0599999999999999e-17
10629	7.500000e+00	5.290000e-17	0	1.32e-17
10629	8.750000e+00	3.862000e-17	0	9.69e-18
10629	1.000000e+01	3.106000e-17	0	7.67e-18
10629	1.250000e+01	2.161000e-17	0	5.385e-18
10629	1.500000e+01	1.641000e-17	0	4.17e-18
10629	1.750000e+01	1.111000e-17	0	2.755e-18
10629	2.000000e+01	5.913000e-18	0	1.48e-18
