ID	X	Y	X_error	Y_error
10622	1.500000e+01	1.230000e-17	0	3.2e-18
10622	1.750000e+01	4.200000e-18	0	1.8e-18
10622	2.000000e+01	3.400000e-18	0	1.2e-18
10622	3.000000e+01	1.800000e-18	0	7e-19
10622	5.000000e+01	1.200000e-18	0	6e-19
