ID	X	Y	X_error	Y_error
10628	6.000000e+00	1.637000e-17	0	4.1e-18
10628	7.500000e+00	3.170000e-17	0	7.87e-18
10628	8.750000e+00	2.273000e-17	0	5.6050000000000006e-18
10628	1.000000e+01	1.982000e-17	0	4.685e-18
10628	1.250000e+01	1.455000e-17	0	3.685e-18
10628	1.500000e+01	1.417000e-17	0	3.5599999999999995e-18
10628	1.750000e+01	1.447000e-17	0	3.6800000000000004e-18
10628	2.000000e+01	1.188000e-17	0	2.97e-18
