ID	X	Y	X_error	Y_error
10627	1.500000e+01	4.200000e-18	0	1.7e-18
10627	1.750000e+01	5.200000e-18	0	1.9e-18
10627	2.000000e+01	6.300000e-18	0	2.3e-18
10627	3.000000e+01	3.100000e-18	0	1.6e-18
10627	5.000000e+01	1.700000e-18	0	5e-19
