ID	X	Y	X_error	Y_error
10621	1.500000e+01	2.040000e-17	0	8.2e-18
10621	1.750000e+01	1.240000e-17	0	4.3e-18
10621	2.000000e+01	7.100000e-18	0	1.8e-18
10621	3.000000e+01	3.800000e-18	0	1.4e-18
10621	5.000000e+01	2.700000e-18	0	8e-19
