ID	X	Y	X_error	Y_error
10623	1.500000e+01	4.320000e-17	0	1.47e-17
10623	1.750000e+01	4.690000e-17	0	1.54e-17
10623	2.000000e+01	2.660000e-17	0	8e-18
10623	3.000000e+01	2.250000e-17	0	6.6e-18
10623	5.000000e+01	1.320000e-17	0	3.6e-18
