ID	X	Y	X_error	Y_error
10636	1.500000e+00	8.750000e-16	0	2.625e-16
10636	3.000000e+00	8.385000e-16	0	2.516e-16
10636	5.000000e+00	8.087000e-16	0	1.617e-16
10636	7.500000e+00	7.704000e-16	0	1.541e-16
10636	1.000000e+01	7.587000e-16	0	1.525e-16
10636	1.500000e+01	8.021000e-16	0	1.612e-16
10636	2.000000e+01	7.206000e-16	0	1.448e-16
10636	3.000000e+01	6.942000e-16	0	1.388e-16
10636	4.000000e+01	5.388000e-16	0	1.616e-16
