ID	X	Y	X_error	Y_error
10630	6.000000e+00	1.198000e-15	0	0.0
10630	7.500000e+00	1.634000e-15	0	0.0
10630	8.750000e+00	1.407000e-15	0	0.0
10630	1.000000e+01	1.396000e-15	0	0.0
10630	1.250000e+01	1.616000e-15	0	0.0
10630	1.500000e+01	1.457000e-15	0	0.0
10630	1.750000e+01	1.336000e-15	0	0.0
10630	2.000000e+01	1.283000e-15	0	0.0
