ID	X	Y	X_error	Y_error
10635	1.000000e+01	1.400000e-18	0	4e-19
10635	1.500000e+01	7.300000e-18	0	2.2e-18
10635	2.000000e+01	2.200000e-18	0	7e-19
