ID	X	Y	X_error	Y_error
10633	1.500000e+00	8.750000e-16	0	2.625e-16
10633	3.000000e+00	8.385000e-16	0	2.516e-16
10633	5.000000e+00	8.087000e-16	0	1.617e-16
10633	7.500000e+00	7.676000e-16	0	1.535e-16
10633	1.000000e+01	7.499000e-16	0	1.5e-16
10633	1.500000e+01	7.678000e-16	0	1.536e-16
10633	2.000000e+01	7.087000e-16	0	1.417e-16
10633	3.000000e+01	6.920000e-16	0	1.384e-16
10633	4.000000e+01	5.374000e-16	0	1.612e-16
