ID	X	Y	X_error	Y_error
10638	6.000000e+00	1.974000e-17	0	0.0
10638	8.000000e+00	2.046000e-17	0	0.0
10638	1.000000e+01	2.170000e-17	0	0.0
10638	1.500000e+01	1.891000e-17	0	0.0
10638	2.000000e+01	1.539000e-17	0	0.0
10638	3.000000e+01	9.950000e-18	0	0.0
10638	5.000000e+01	5.360000e-18	0	0.0
