ID	X	Y	X_error	Y_error
10634	7.500000e+00	2.800000e-18	0	7e-19
10634	1.000000e+01	7.400000e-18	0	1.5e-18
10634	1.500000e+01	2.700000e-17	0	6.8e-18
10634	2.000000e+01	9.700000e-18	0	2.4e-18
10634	3.000000e+01	2.200000e-18	0	6e-19
10634	4.000000e+01	1.400000e-18	0	5e-19
