ID	X	Y	X_error	Y_error
10637	1.500000e+00	7.030000e-16	0	2.109e-16
10637	3.000000e+00	6.152000e-16	0	1.846e-16
10637	5.000000e+00	5.513000e-16	0	1.103e-16
10637	7.500000e+00	4.880000e-16	0	9.76e-17
10637	1.000000e+01	4.496000e-16	0	8.99e-17
10637	1.500000e+01	4.044000e-16	0	8.09e-17
10637	2.000000e+01	3.089000e-16	0	6.18e-17
10637	3.000000e+01	2.635000e-16	0	5.27e-17
10637	4.000000e+01	1.666000e-16	0	5e-17
