ID	X	Y	X_error	Y_error
10639	6.000000e+00	1.042000e-17	0	0.0
10639	8.000000e+00	1.567000e-17	0	0.0
10639	1.000000e+01	1.882000e-17	0	0.0
10639	1.500000e+01	1.331000e-17	0	0.0
10639	2.000000e+01	6.430000e-18	0	0.0
10639	3.000000e+01	1.750000e-18	0	0.0
10639	5.000000e+01	7.600000e-19	0	0.0
