ID	X	Y	X_error	Y_error
10644	2.200000e+00	1.900000e-17	0	0.0
10644	4.000000e+00	1.500000e-17	0	0.0
10644	6.000000e+00	1.600000e-17	0	0.0
10644	8.000000e+00	1.600000e-17	0	0.0
10644	1.000000e+01	1.800000e-17	0	0.0
10644	1.500000e+01	1.300000e-17	0	0.0
10644	2.000000e+01	1.000000e-17	0	0.0
