ID	X	Y	X_error	Y_error
10645	2.200000e+00	3.400000e-17	0	0.0
10645	4.000000e+00	4.300000e-17	0	0.0
10645	6.000000e+00	5.600000e-17	0	0.0
10645	8.000000e+00	5.000000e-17	0	0.0
10645	1.000000e+01	4.000000e-17	0	0.0
10645	1.500000e+01	1.900000e-17	0	0.0
10645	2.000000e+01	8.000000e-18	0	0.0
