ID	X	Y	X_error	Y_error
10640	6.000000e+00	1.098000e-17	0	0.0
10640	8.000000e+00	1.609000e-17	0	0.0
10640	1.000000e+01	1.894000e-17	0	0.0
10640	1.500000e+01	1.387000e-17	0	0.0
10640	2.000000e+01	6.990000e-18	0	0.0
10640	3.000000e+01	1.930000e-18	0	0.0
10640	5.000000e+01	8.200000e-19	0	0.0
