ID	X	Y	X_error	Y_error
10641	6.000000e+00	2.140000e-17	0	0.0
10641	8.000000e+00	3.175000e-17	0	0.0
10641	1.000000e+01	3.777000e-17	0	0.0
10641	1.500000e+01	2.719000e-17	0	0.0
10641	2.000000e+01	1.342000e-17	0	0.0
10641	3.000000e+01	3.690000e-18	0	0.0
10641	5.000000e+01	1.580000e-18	0	0.0
