ID	X	Y	X_error	Y_error
10959	1.000000e+02	1.010000e-16	0	1.21e-17
10959	2.000000e+02	4.640000e-17	0	5.57e-18
10959	3.000000e+02	2.960000e-17	0	3.55e-18
10959	4.000000e+02	2.080000e-17	0	2.5e-18
10959	5.000000e+02	1.560000e-17	0	1.4e-18
10959	7.000000e+02	9.300000e-18	0	1.21e-18
10959	1.000000e+03	5.150000e-18	0	6.7e-19
