ID	X	Y	X_error	Y_error
10956	6.000000e+00	1.376000e-15	0	3.027e-16
10956	1.000000e+01	1.389000e-15	0	2.222e-16
10956	1.500000e+01	1.331000e-15	0	2.13e-16
10956	2.000000e+01	1.366000e-15	0	2.732e-16
10956	3.000000e+01	1.129000e-15	0	2.258e-16
10956	5.000000e+01	7.760000e-16	0	1.552e-16
