ID	X	Y	X_error	Y_error
10957	6.000000e+00	1.063000e-15	0	5.528e-16
10957	1.000000e+01	9.360000e-16	0	4.025e-16
10957	1.500000e+01	8.440000e-16	0	3.798e-16
10957	2.000000e+01	8.900000e-16	0	4.895e-16
10957	3.000000e+01	6.830000e-16	0	4.098e-16
10957	5.000000e+01	5.090000e-16	0	3.716e-16
