ID	X	Y	X_error	Y_error
10958	1.000000e+02	2.980000e-16	0	3.58e-17
10958	2.000000e+02	2.110000e-16	0	2.53e-17
10958	3.000000e+02	1.560000e-16	0	1.87e-17
10958	4.000000e+02	1.320000e-16	0	1.58e-17
10958	5.000000e+02	1.040000e-16	0	9.36e-18
10958	7.000000e+02	8.190000e-17	0	1.06e-17
10958	1.000000e+03	5.480000e-17	0	7.12e-18
