ID	X	Y	X_error	Y_error
10977	5.000000e+01	2.240000e-18	0	0.0
10977	1.000000e+02	3.550000e-18	0	0.0
10977	2.000000e+02	2.690000e-18	0	0.0
10977	3.000000e+02	2.040000e-18	0	0.0
10977	5.000000e+02	1.320000e-18	0	0.0
10977	7.000000e+02	1.010000e-18	0	0.0
10977	1.000000e+03	7.340000e-19	0	0.0
10977	1.200000e+03	6.280000e-19	0	0.0
10977	1.500000e+03	5.220000e-19	0	0.0
