ID	X	Y	X_error	Y_error
10978	5.000000e+01	4.040000e-19	0	0.0
10978	1.000000e+02	6.410000e-19	0	0.0
10978	2.000000e+02	4.860000e-19	0	0.0
10978	3.000000e+02	3.680000e-19	0	0.0
10978	5.000000e+02	2.390000e-19	0	0.0
10978	7.000000e+02	1.820000e-19	0	0.0
10978	1.000000e+03	1.380000e-19	0	0.0
