ID	X	Y	X_error	Y_error
10999	2.000000e+01	4.200000e-17	0	0.0
10999	3.000000e+01	7.600000e-17	0	0.0
10999	5.000000e+01	1.070000e-16	0	0.0
10999	1.000000e+02	1.320000e-16	0	0.0
10999	1.500000e+02	1.160000e-16	0	0.0
10999	2.000000e+02	1.080000e-16	0	0.0
10999	5.000000e+02	6.400000e-17	0	0.0
10999	7.000000e+02	5.000000e-17	0	0.0
10999	1.000000e+03	4.100000e-17	0	0.0
10999	1.500000e+03	2.900000e-17	0	0.0
10999	2.000000e+03	2.300000e-17	0	0.0
