ID	X	Y	X_error	Y_error
11007	2.200000e+00	6.200000e-16	0	0.0
11007	4.000000e+00	6.900000e-16	0	0.0
11007	6.000000e+00	9.500000e-16	0	0.0
11007	8.000000e+00	1.010000e-15	0	0.0
11007	1.000000e+01	1.140000e-15	0	0.0
11007	1.500000e+01	1.130000e-15	0	0.0
11007	2.000000e+01	8.200000e-16	0	0.0
