ID	X	Y	X_error	Y_error
11003	2.000000e+01	1.800000e-19	0	0.0
11003	3.000000e+01	2.200000e-19	0	0.0
11003	5.000000e+01	3.000000e-19	0	0.0
11003	1.000000e+02	3.900000e-19	0	0.0
11003	1.500000e+02	3.600000e-19	0	0.0
11003	2.000000e+02	2.900000e-19	0	0.0
11003	5.000000e+02	1.800000e-19	0	0.0
11003	7.000000e+02	1.600000e-19	0	0.0
11003	1.000000e+03	8.000000e-20	0	0.0
