ID	X	Y	X_error	Y_error
11008	3.000000e+01	1.100000e-15	0	0.0
11008	4.000000e+01	1.020000e-15	0	0.0
11008	6.000000e+01	8.990000e-16	0	0.0
11008	1.000000e+02	4.590000e-16	0	0.0
11008	2.000000e+02	2.290000e-16	0	0.0
