ID	X	Y	X_error	Y_error
11005	2.000000e+01	4.600000e-17	0	0.0
11005	3.000000e+01	9.700000e-17	0	0.0
11005	5.000000e+01	1.570000e-16	0	0.0
11005	1.000000e+02	2.100000e-16	0	0.0
11005	1.500000e+02	1.890000e-16	0	0.0
11005	2.000000e+02	1.750000e-16	0	0.0
11005	5.000000e+02	1.060000e-16	0	0.0
11005	7.000000e+02	8.300000e-17	0	0.0
11005	1.000000e+03	6.500000e-17	0	0.0
11005	1.500000e+03	4.900000e-17	0	0.0
11005	2.000000e+03	3.700000e-17	0	0.0
