ID	X	Y	X_error	Y_error
11004	2.000000e+01	7.000000e-19	0	0.0
11004	3.000000e+01	7.800000e-18	0	0.0
11004	5.000000e+01	2.400000e-17	0	0.0
11004	1.000000e+02	3.900000e-17	0	0.0
11004	1.500000e+02	3.700000e-17	0	0.0
11004	2.000000e+02	3.600000e-17	0	0.0
11004	5.000000e+02	2.300000e-17	0	0.0
11004	7.000000e+02	1.700000e-17	0	0.0
11004	1.000000e+03	1.300000e-17	0	0.0
11004	1.500000e+03	1.100000e-17	0	0.0
11004	2.000000e+03	8.000000e-18	0	0.0
