ID	X	Y	X_error	Y_error
11001	2.000000e+01	9.000000e-20	0	0.0
11001	3.000000e+01	3.700000e-19	0	0.0
11001	5.000000e+01	1.700000e-18	0	0.0
11001	1.000000e+02	3.500000e-18	0	0.0
11001	1.500000e+02	3.600000e-18	0	0.0
11001	2.000000e+02	3.500000e-18	0	0.0
11001	5.000000e+02	1.900000e-18	0	0.0
11001	7.000000e+02	1.400000e-18	0	0.0
11001	1.000000e+03	1.100000e-18	0	0.0
11001	1.500000e+03	8.000000e-19	0	0.0
11001	2.000000e+03	6.000000e-19	0	0.0
