ID	X	Y	X_error	Y_error
11002	1.500000e+02	6.000000e-20	0	0.0
11002	2.000000e+02	1.400000e-19	0	0.0
11002	5.000000e+02	1.300000e-19	0	0.0
11002	7.000000e+02	9.000000e-20	0	0.0
11002	1.000000e+03	6.000000e-20	0	0.0
