ID	X	Y	X_error	Y_error
11000	2.000000e+01	3.000000e-18	0	0.0
11000	3.000000e+01	1.300000e-17	0	0.0
11000	5.000000e+01	2.400000e-17	0	0.0
11000	1.000000e+02	3.400000e-17	0	0.0
11000	1.500000e+02	3.100000e-17	0	0.0
11000	2.000000e+02	2.800000e-17	0	0.0
11000	5.000000e+02	1.700000e-17	0	0.0
11000	7.000000e+02	1.400000e-17	0	0.0
11000	1.000000e+03	1.100000e-17	0	0.0
11000	1.500000e+03	8.000000e-18	0	0.0
11000	2.000000e+03	6.000000e-18	0	0.0
