ID	X	Y	X_error	Y_error
11006	2.200000e+00	1.180000e-15	0	0.0
11006	4.000000e+00	1.300000e-15	0	0.0
11006	6.000000e+00	1.530000e-15	0	0.0
11006	8.000000e+00	1.570000e-15	0	0.0
11006	1.000000e+01	1.610000e-15	0	0.0
11006	1.500000e+01	1.630000e-15	0	0.0
11006	2.000000e+01	1.320000e-15	0	0.0
