ID	X	Y	X_error	Y_error
11009	3.000000e+01	4.250000e-16	0	0.0
11009	4.000000e+01	4.380000e-16	0	0.0
11009	6.000000e+01	2.950000e-16	0	0.0
11009	1.000000e+02	1.340000e-16	0	0.0
11009	2.000000e+02	4.520000e-17	0	0.0
