ID	X	Y	X_error	Y_error
11021	5.000000e+01	1.020000e-18	0	0.0
