ID	X	Y	X_error	Y_error
11031	2.000000e+01	7.400000e-17	0	0.0
11031	3.000000e+01	2.200000e-17	0	0.0
11031	4.000000e+01	1.100000e-17	0	0.0
