ID	X	Y	X_error	Y_error
11030	2.000000e+01	4.930000e-17	0	9.27e-18
11030	3.000000e+01	1.350000e-17	0	2.69e-18
11030	4.000000e+01	7.710000e-18	0	1.66e-18
11030	1.000000e+02	7.300000e-19	0	1.7e-19
