ID	X	Y	X_error	Y_error
11032	9.200000e+00	1.210000e-17	0	3.75e-18
11032	1.020000e+01	2.080000e-17	0	5.62e-18
11032	1.220000e+01	4.940000e-17	0	1.186e-17
11032	1.520000e+01	8.300000e-17	0	1.819e-17
11032	1.720000e+01	5.730000e-17	0	1.26e-17
11032	2.020000e+01	3.920000e-17	0	8.23e-18
