ID	X	Y	X_error	Y_error
11040	1.300000e+01	8.196165e-17	0	0.0
11040	1.400000e+01	9.236850e-17	0	0.0
11040	1.500000e+01	8.893767e-17	0	0.0
11040	1.600000e+01	8.440721e-17	0	0.0
11040	1.700000e+01	7.703533e-17	0	0.0
11040	2.000000e+01	5.492847e-17	0	0.0
