ID	X	Y	X_error	Y_error
11041	1.300000e+01	5.709253e-18	0	0.0
11041	1.400000e+01	9.386399e-18	0	0.0
11041	1.500000e+01	1.179678e-17	0	0.0
11041	1.600000e+01	1.345941e-17	0	0.0
11041	1.700000e+01	1.397843e-17	0	0.0
11041	2.000000e+01	1.307234e-17	0	0.0
