ID	X	Y	X_error	Y_error
11054	1.000000e+01	6.809000e-20	0	0.0
11054	1.155000e+01	6.900000e-19	0	0.0
11054	1.334000e+01	2.384000e-18	0	0.0
11054	1.540000e+01	3.065000e-18	0	0.0
11054	1.778000e+01	2.662000e-18	0	0.0
11054	2.054000e+01	2.165000e-18	0	0.0
11054	2.371000e+01	1.779000e-18	0	0.0
11054	2.738000e+01	1.496000e-18	0	0.0
11054	3.162000e+01	1.291000e-18	0	0.0
11054	3.652000e+01	1.146000e-18	0	0.0
11054	4.217000e+01	1.044000e-18	0	0.0
11054	4.500000e+01	1.009000e-18	0	0.0
