ID	X	Y	X_error	Y_error
11144	2.000000e+01	1.050000e-15	0	0.0
11144	3.000000e+01	9.200000e-16	0	0.0
11144	4.000000e+01	7.600000e-16	0	0.0
11144	5.000000e+01	6.150000e-16	0	0.0
11144	6.000000e+01	5.350000e-16	0	0.0
11144	7.000000e+01	4.710000e-16	0	0.0
11144	8.000000e+01	4.000000e-16	0	0.0
11144	9.000000e+01	4.050000e-16	0	0.0
11144	1.000000e+02	3.250000e-16	0	0.0
