ID	X	Y	X_error	Y_error
11143	3.000000e+00	1.800000e-15	0	0.0
11143	5.000000e+00	1.500000e-15	0	0.0
11143	7.500000e+00	1.100000e-15	0	0.0
11143	9.900000e+00	1.200000e-15	0	0.0
11143	1.500000e+01	1.100000e-15	0	0.0
11143	2.000000e+01	9.900000e-16	0	0.0
11143	3.000000e+01	6.600000e-16	0	0.0
11143	5.000000e+01	5.500000e-16	0	0.0
11143	7.500000e+01	4.000000e-16	0	0.0
11143	1.000000e+02	3.000000e-16	0	0.0
