ID	X	Y	X_error	Y_error
11147	3.000000e+00	1.300000e-15	0	0.0
11147	5.000000e+00	1.200000e-15	0	0.0
11147	7.500000e+00	9.700000e-16	0	0.0
11147	9.900000e+00	1.000000e-15	0	0.0
11147	1.500000e+01	8.500000e-16	0	0.0
11147	2.000000e+01	6.700000e-16	0	0.0
11147	3.000000e+01	4.100000e-16	0	0.0
11147	5.000000e+01	3.200000e-16	0	0.0
11147	7.500000e+01	1.600000e-16	0	0.0
11147	1.000000e+02	1.100000e-16	0	0.0
