ID	X	Y	X_error	Y_error
11141	3.810000e+02	4.312000e-16	0	0.0
11141	5.690000e+02	3.280000e-16	0	0.0
11141	7.630000e+02	2.640000e-16	0	0.0
11141	9.680000e+02	2.220000e-16	0	0.0
