ID	X	Y	X_error	Y_error
11145	1.000000e+00	1.540000e-15	0	0.0
11145	1.250000e+00	2.040000e-15	0	0.0
11145	1.500000e+00	2.680000e-15	0	0.0
11145	1.910000e+00	3.580000e-15	0	0.0
11145	2.450000e+00	3.020000e-15	0	0.0
11145	3.000000e+00	2.270000e-15	0	0.0
11145	5.000000e+00	1.400000e-15	0	0.0
11145	6.000000e+00	1.290000e-15	0	0.0
11145	7.500000e+00	1.200000e-15	0	0.0
11145	9.900000e+00	1.140000e-15	0	0.0
11145	2.000000e+01	1.100000e-15	0	0.0
11145	3.000000e+01	1.030000e-15	0	0.0
