ID	X	Y	X_error	Y_error
11148	1.000000e+00	1.910000e-15	0	0.0
11148	1.250000e+00	2.540000e-15	0	0.0
11148	1.500000e+00	2.780000e-15	0	0.0
11148	1.910000e+00	3.010000e-15	0	0.0
11148	2.450000e+00	2.140000e-15	0	0.0
11148	3.000000e+00	1.580000e-15	0	0.0
11148	5.000000e+00	1.030000e-15	0	0.0
11148	6.000000e+00	9.800000e-16	0	0.0
11148	7.500000e+00	8.900000e-16	0	0.0
11148	9.900000e+00	8.300000e-16	0	0.0
11148	2.000000e+01	6.600000e-16	0	0.0
11148	3.000000e+01	5.600000e-16	0	0.0
