ID	X	Y	X_error	Y_error
11142	4.000000e+02	4.200000e-16	0	0.0
11142	5.000000e+02	3.610000e-16	0	0.0
11142	6.000000e+02	3.160000e-16	0	0.0
11142	7.000000e+02	2.880000e-16	0	0.0
11142	8.000000e+02	2.550000e-16	0	0.0
11142	9.000000e+02	2.370000e-16	0	0.0
11142	1.000000e+03	2.180000e-16	0	0.0
