ID	X	Y	X_error	Y_error
11149	4.000000e-01	1.350000e-15	0	0.0
11149	7.000000e-01	1.450000e-15	0	0.0
11149	1.000000e+00	1.600000e-15	0	0.0
11149	1.200000e+00	2.150000e-15	0	0.0
11149	1.300000e+00	2.650000e-15	0	0.0
11149	1.500000e+00	3.800000e-15	0	0.0
11149	1.700000e+00	4.300000e-15	0	0.0
11149	1.900000e+00	4.300000e-15	0	0.0
11149	2.100000e+00	3.500000e-15	0	0.0
11149	2.400000e+00	2.500000e-15	0	0.0
11149	3.000000e+00	1.850000e-15	0	0.0
11149	4.000000e+00	1.300000e-15	0	0.0
