ID	X	Y	X_error	Y_error
11152	3.700000e-01	2.740000e-17	0	0.0
11152	4.500000e-01	2.760000e-17	0	0.0
11152	6.400000e-01	1.890000e-17	0	0.0
11152	8.500000e-01	2.150000e-17	0	0.0
11152	1.260000e+00	5.760000e-17	0	0.0
