ID	X	Y	X_error	Y_error
11153	3.700000e-01	1.490000e-17	0	0.0
11153	4.500000e-01	1.570000e-17	0	0.0
11153	6.400000e-01	1.560000e-17	0	0.0
11153	8.500000e-01	2.240000e-17	0	0.0
11153	1.260000e+00	1.689000e-16	0	0.0
