ID	X	Y	X_error	Y_error
11159	1.000000e+02	3.830000e-18	0	0.0
