ID	X	Y	X_error	Y_error
11154	3.000000e+00	3.650000e-17	0	0.0
11154	5.000000e+00	1.040000e-17	0	0.0
11154	9.000000e+00	2.400000e-18	0	0.0
11154	2.000000e+01	9.700000e-18	0	0.0
11154	3.000000e+01	2.100000e-18	0	0.0
11154	5.000000e+01	8.000000e-19	0	0.0
11154	7.500000e+01	5.000000e-19	0	0.0
11154	1.000000e+02	7.000000e-19	0	0.0
