ID	X	Y	X_error	Y_error
11155	1.000000e+00	2.400000e-17	0	0.0
11155	1.250000e+00	6.540000e-17	0	0.0
11155	1.500000e+00	2.361000e-16	0	0.0
11155	1.910000e+00	4.874000e-16	0	0.0
11155	2.450000e+00	3.131000e-16	0	0.0
11155	3.000000e+00	1.200000e-16	0	0.0
11155	2.000000e+01	1.107000e-16	0	0.0
11155	3.000000e+01	3.500000e-18	0	0.0
