ID	X	Y	X_error	Y_error
11150	2.000000e-03	3.460000e-15	0	0.0
11150	3.000000e-03	3.150000e-15	0	0.0
11150	4.000000e-03	3.020000e-15	0	0.0
11150	5.000000e-03	2.940000e-15	0	0.0
11150	1.000000e-02	2.380000e-15	0	0.0
11150	3.000000e-02	1.140000e-15	0	0.0
11150	5.000000e-02	7.500000e-16	0	0.0
11150	1.000000e-01	4.200000e-16	0	0.0
