ID	X	Y	X_error	Y_error
11151	2.000000e-03	1.570000e-15	0	0.0
11151	3.000000e-03	1.570000e-15	0	0.0
11151	4.000000e-03	1.570000e-15	0	0.0
11151	5.000000e-03	1.560000e-15	0	0.0
11151	1.000000e-02	1.330000e-15	0	0.0
11151	3.000000e-02	6.600000e-16	0	0.0
11151	5.000000e-02	4.400000e-16	0	0.0
11151	1.000000e-01	2.500000e-16	0	0.0
