ID	X	Y	X_error	Y_error
11160	1.000000e+02	1.234000e-17	0	0.0
