ID	X	Y	X_error	Y_error
11165	8.400000e+00	4.800000e-17	0	1.4e-17
11165	9.900000e+00	1.040000e-16	0	3.1e-17
11165	1.240000e+01	1.360000e-16	0	4.1e-17
11165	1.490000e+01	2.070000e-16	0	6.2e-17
11165	1.740000e+01	1.510000e-16	0	4.5e-17
11165	1.990000e+01	1.520000e-16	0	4.6e-17
11165	2.240000e+01	1.190000e-16	0	3.6e-17
11165	2.740000e+01	9.600000e-17	0	2.9e-17
11165	4.740000e+01	5.200000e-17	0	1.6e-17
11165	9.740000e+01	2.400000e-17	0	7e-18
