ID	X	Y	X_error	Y_error
11198	2.300000e+01	2.000000e-17	0	0.0
11198	2.500000e+01	2.000000e-17	0	0.0
11198	2.700000e+01	4.000000e-17	0	0.0
11198	2.900000e+01	5.000000e-17	0	0.0
