ID	X	Y	X_error	Y_error
11199	1.300000e+01	1.200000e-16	0	0.0
11199	1.500000e+01	2.600000e-16	0	0.0
11199	1.700000e+01	4.200000e-16	0	0.0
11199	1.900000e+01	6.000000e-16	0	0.0
11199	2.100000e+01	7.000000e-16	0	0.0
11199	2.300000e+01	7.300000e-16	0	0.0
11199	2.500000e+01	8.000000e-16	0	0.0
11199	2.700000e+01	8.300000e-16	0	0.0
11199	2.900000e+01	8.300000e-16	0	0.0
