ID	X	Y	X_error	Y_error
11196	1.300000e+01	6.000000e-17	0	0.0
11196	1.500000e+01	9.000000e-17	0	0.0
11196	1.700000e+01	1.300000e-16	0	0.0
11196	1.900000e+01	1.600000e-16	0	0.0
11196	2.100000e+01	1.700000e-16	0	0.0
11196	2.300000e+01	1.600000e-16	0	0.0
11196	2.500000e+01	1.700000e-16	0	0.0
11196	2.700000e+01	1.600000e-16	0	0.0
11196	2.900000e+01	1.600000e-16	0	0.0
