ID	X	Y	X_error	Y_error
11195	1.300000e+01	6.000000e-17	0	0.0
11195	1.500000e+01	1.700000e-16	0	0.0
11195	1.700000e+01	2.900000e-16	0	0.0
11195	1.900000e+01	4.400000e-16	0	0.0
11195	2.100000e+01	5.100000e-16	0	0.0
11195	2.300000e+01	5.100000e-16	0	0.0
11195	2.500000e+01	5.500000e-16	0	0.0
11195	2.700000e+01	5.500000e-16	0	0.0
11195	2.900000e+01	5.400000e-16	0	0.0
