ID	X	Y	X_error	Y_error
11204	1.000000e+02	1.900000e-18	0	4e-19
