ID	X	Y	X_error	Y_error
11202	1.000000e+02	4.900000e-18	0	1.6e-18
