ID	X	Y	X_error	Y_error
11200	1.000000e+02	1.800000e-18	0	9e-19
