ID	X	Y	X_error	Y_error
11203	1.000000e+02	4.500000e-18	0	7e-19
