ID	X	Y	X_error	Y_error
11648	1.000000e+01	1.500000e-17	0	0.0
11648	1.500000e+01	4.800000e-17	0	0.0
11648	2.000000e+01	7.000000e-17	0	0.0
11648	3.000000e+01	1.300000e-16	0	0.0
11648	5.000000e+01	1.900000e-16	0	0.0
11648	7.500000e+01	2.100000e-16	0	0.0
11648	1.000000e+02	2.050000e-16	0	0.0
11648	1.500000e+02	1.980000e-16	0	0.0
11648	2.000000e+02	1.750000e-16	0	0.0
11648	2.500000e+02	1.600000e-16	0	0.0
11648	3.000000e+02	1.400000e-16	0	0.0
