ID	X	Y	X_error	Y_error
11654	4.000000e+00	6.780000e-16	0	0.0
11654	5.000000e+00	6.950000e-16	0	0.0
11654	7.000000e+00	7.600000e-16	0	0.0
11654	1.000000e+01	9.030000e-16	0	0.0
11654	1.500000e+01	7.890000e-16	0	0.0
11654	2.000000e+01	8.020000e-16	0	0.0
