ID	X	Y	X_error	Y_error
11650	5.000000e+00	8.600000e-16	0	0.0
11650	1.000000e+01	1.080000e-15	0	0.0
11650	1.500000e+01	1.165000e-15	0	0.0
11650	2.000000e+01	1.220000e-15	0	0.0
11650	3.000000e+01	1.190000e-15	0	0.0
11650	4.000000e+01	1.170000e-15	0	0.0
11650	5.000000e+01	1.180000e-15	0	0.0
11650	6.000000e+01	1.090000e-15	0	0.0
11650	7.000000e+01	1.060000e-15	0	0.0
11650	8.000000e+01	9.400000e-16	0	0.0
11650	9.000000e+01	9.150000e-16	0	0.0
