ID	X	Y	X_error	Y_error
11657	1.000000e+00	6.100000e-16	0	0.0
11657	2.000000e+00	6.700000e-16	0	0.0
11657	3.000000e+00	6.900000e-16	0	0.0
11657	4.000000e+00	7.000000e-16	0	0.0
11657	5.000000e+00	7.100000e-16	0	0.0
11657	7.000000e+00	7.300000e-16	0	0.0
11657	8.000000e+00	7.800000e-16	0	0.0
11657	9.000000e+00	7.900000e-16	0	0.0
11657	1.000000e+01	8.600000e-16	0	0.0
11657	1.500000e+01	8.800000e-16	0	0.0
11657	2.000000e+01	8.700000e-16	0	0.0
11657	3.000000e+01	8.800000e-16	0	0.0
