ID	X	Y	X_error	Y_error
11656	2.000000e+00	6.500000e-16	0	0.0
11656	3.000000e+00	8.000000e-16	0	0.0
11656	5.000000e+00	9.300000e-16	0	0.0
11656	7.000000e+00	9.900000e-16	0	0.0
11656	1.000000e+01	1.090000e-15	0	0.0
11656	1.500000e+01	1.000000e-15	0	0.0
11656	2.000000e+01	9.100000e-16	0	0.0
11656	3.000000e+01	8.200000e-16	0	0.0
11656	4.000000e+01	7.500000e-16	0	0.0
11656	5.000000e+01	6.600000e-16	0	0.0
11656	7.000000e+01	5.300000e-16	0	0.0
11656	1.000000e+02	3.800000e-16	0	0.0
