ID	X	Y	X_error	Y_error
11658	2.000000e+00	6.700000e-16	0	0.0
11658	3.000000e+00	7.700000e-16	0	0.0
11658	5.000000e+00	8.000000e-16	0	0.0
11658	7.000000e+00	8.200000e-16	0	0.0
11658	1.000000e+01	8.600000e-16	0	0.0
11658	1.500000e+01	7.200000e-16	0	0.0
11658	2.000000e+01	6.100000e-16	0	0.0
11658	3.000000e+01	5.200000e-16	0	0.0
11658	4.000000e+01	4.500000e-16	0	0.0
11658	5.000000e+01	3.500000e-16	0	0.0
11658	7.000000e+01	2.500000e-16	0	0.0
11658	1.000000e+02	1.500000e-16	0	0.0
