ID	X	Y	X_error	Y_error
11659	1.000000e+00	6.700000e-16	0	0.0
11659	2.000000e+00	6.500000e-16	0	0.0
11659	3.000000e+00	6.100000e-16	0	0.0
11659	4.000000e+00	6.000000e-16	0	0.0
11659	5.000000e+00	5.700000e-16	0	0.0
11659	7.000000e+00	5.700000e-16	0	0.0
11659	8.000000e+00	6.200000e-16	0	0.0
11659	9.000000e+00	5.900000e-16	0	0.0
11659	1.000000e+01	6.400000e-16	0	0.0
11659	1.500000e+01	5.900000e-16	0	0.0
11659	2.000000e+01	6.100000e-16	0	0.0
11659	3.000000e+01	6.000000e-16	0	0.0
