ID	X	Y	X_error	Y_error
11666	7.000000e+00	2.640000e-18	0	0.0
11666	8.000000e+00	4.070000e-18	0	0.0
11666	9.000000e+00	8.110000e-18	0	0.0
11666	9.500000e+00	1.012000e-17	0	0.0
11666	1.000000e+01	1.145000e-17	0	0.0
11666	1.100000e+01	9.020000e-18	0	0.0
11666	1.500000e+01	2.150000e-18	0	0.0
