ID	X	Y	X_error	Y_error
11668	2.600000e+00	3.560000e-18	0	0.0
11668	4.600000e+00	5.510000e-18	0	0.0
11668	7.600000e+00	7.880000e-18	0	0.0
11668	1.110000e+01	4.900000e-18	0	0.0
11668	1.610000e+01	4.140000e-18	0	0.0
11668	2.860000e+01	2.580000e-18	0	0.0
