ID	X	Y	X_error	Y_error
11664	5.000000e+00	5.210000e-18	0	0.0
11664	6.000000e+00	1.155000e-17	0	0.0
11664	7.000000e+00	2.024000e-17	0	0.0
11664	8.000000e+00	2.562000e-17	0	0.0
11664	9.000000e+00	4.026000e-17	0	0.0
11664	9.500000e+00	4.636000e-17	0	0.0
11664	1.000000e+01	5.363000e-17	0	0.0
11664	1.100000e+01	4.056000e-17	0	0.0
11664	1.500000e+01	1.157000e-17	0	0.0
11664	2.000000e+01	1.750000e-18	0	0.0
