ID	X	Y	X_error	Y_error
11663	7.000000e+00	3.500000e-18	0	0.0
11663	1.000000e+01	4.000000e-18	0	0.0
11663	1.500000e+01	3.100000e-19	0	0.0
