ID	X	Y	X_error	Y_error
11661	5.000000e+00	3.400000e-18	0	0.0
11661	7.000000e+00	1.140000e-17	0	0.0
11661	1.000000e+01	1.650000e-17	0	0.0
11661	1.500000e+01	1.500000e-18	0	0.0
