ID	X	Y	X_error	Y_error
11665	6.000000e+00	2.260000e-18	0	0.0
11665	7.000000e+00	6.040000e-18	0	0.0
11665	8.000000e+00	9.600000e-18	0	0.0
11665	9.000000e+00	1.632000e-17	0	0.0
11665	9.500000e+00	2.011000e-17	0	0.0
11665	1.000000e+01	2.552000e-17	0	0.0
11665	1.100000e+01	1.747000e-17	0	0.0
11665	1.500000e+01	3.890000e-18	0	0.0
