ID	X	Y	X_error	Y_error
11662	7.000000e+00	4.500000e-18	0	0.0
11662	1.000000e+01	7.500000e-18	0	0.0
11662	1.500000e+01	6.500000e-19	0	0.0
