ID	X	Y	X_error	Y_error
11667	7.000000e+00	1.150000e-18	0	0.0
11667	8.000000e+00	2.280000e-18	0	0.0
11667	9.000000e+00	4.730000e-18	0	0.0
11667	9.500000e+00	5.820000e-18	0	0.0
11667	1.000000e+01	6.530000e-18	0	0.0
11667	1.100000e+01	5.300000e-18	0	0.0
11667	1.500000e+01	1.200000e-18	0	0.0
