ID	X	Y	X_error	Y_error
11671	5.000000e+00	2.000000e-18	0	0.0
11671	7.000000e+00	3.300000e-18	0	0.0
11671	1.000000e+01	1.900000e-18	0	0.0
11671	1.500000e+01	7.800000e-19	0	0.0
11671	2.000000e+01	5.500000e-19	0	0.0
