ID	X	Y	X_error	Y_error
11676	1.500000e+01	5.300000e-17	0	0.0
11676	2.000000e+01	5.800000e-17	0	0.0
11676	3.000000e+01	4.400000e-17	0	0.0
11676	5.000000e+01	2.000000e-17	0	0.0
