ID	X	Y	X_error	Y_error
11678	1.700000e+01	2.810000e-18	0	0.0
11678	2.000000e+01	4.180000e-17	0	0.0
11678	3.000000e+01	1.409000e-16	0	0.0
11678	5.000000e+01	1.236000e-16	0	0.0
11678	1.000000e+02	7.590000e-17	0	0.0
11678	2.000000e+02	4.340000e-17	0	0.0
11678	5.000000e+02	2.180000e-17	0	0.0
11678	1.000000e+03	1.260000e-17	0	0.0
