ID	X	Y	X_error	Y_error
11673	1.000000e+01	1.200000e-17	0	0.0
11673	1.200000e+01	1.000000e-17	0	0.0
11673	1.400000e+01	8.000000e-18	0	0.0
11673	1.600000e+01	8.000000e-18	0	0.0
11673	1.800000e+01	6.500000e-18	0	0.0
11673	2.000000e+01	5.000000e-18	0	0.0
