ID	X	Y	X_error	Y_error
11677	1.000000e+00	1.450000e-18	0	0.0
11677	2.000000e+00	3.810000e-18	0	0.0
11677	3.000000e+00	7.200000e-18	0	0.0
11677	4.000000e+00	1.170000e-17	0	0.0
11677	6.000000e+00	3.240000e-17	0	0.0
11677	9.000000e+00	5.980000e-17	0	0.0
11677	1.200000e+01	2.590000e-17	0	0.0
11677	1.500000e+01	7.550000e-18	0	0.0
11677	2.000000e+01	1.910000e-18	0	0.0
11677	3.000000e+01	3.000000e-19	0	0.0
