ID	X	Y	X_error	Y_error
11670	5.000000e+00	7.790000e-18	0	0.0
11670	6.000000e+00	7.280000e-18	0	0.0
11670	7.000000e+00	5.710000e-18	0	0.0
11670	8.000000e+00	7.800000e-18	0	0.0
11670	9.000000e+00	9.820000e-18	0	0.0
11670	9.500000e+00	1.110000e-17	0	0.0
11670	1.000000e+01	1.170000e-17	0	0.0
11670	1.100000e+01	8.130000e-18	0	0.0
11670	1.500000e+01	6.250000e-18	0	0.0
11670	2.000000e+01	5.700000e-18	0	0.0
