ID	X	Y	X_error	Y_error
11674	9.000000e+00	9.200000e-18	0	3.8e-18
11674	1.000000e+01	1.320000e-17	0	4.1e-18
11674	1.200000e+01	1.200000e-17	0	4e-18
11674	1.500000e+01	1.070000e-17	0	4e-18
11674	2.000000e+01	7.600000e-18	0	4e-18
