ID	X	Y	X_error	Y_error
11672	6.000000e+00	1.390000e-18	0	0.0
11672	7.000000e+00	2.300000e-18	0	0.0
11672	8.000000e+00	3.170000e-18	0	0.0
11672	9.000000e+00	3.300000e-18	0	0.0
11672	9.500000e+00	3.570000e-18	0	0.0
11672	1.000000e+01	3.730000e-18	0	0.0
11672	1.100000e+01	3.050000e-18	0	0.0
11672	1.500000e+01	1.490000e-18	0	0.0
11672	2.000000e+01	1.400000e-18	0	0.0
