ID	X	Y	X_error	Y_error
11679	1.300000e+01	2.000000e-18	0	0.0
11679	1.600000e+01	1.090000e-17	0	0.0
11679	2.000000e+01	2.930000e-17	0	0.0
11679	3.000000e+01	8.080000e-17	0	0.0
11679	5.000000e+01	1.824000e-16	0	0.0
11679	1.000000e+02	2.908000e-16	0	0.0
11679	2.000000e+02	2.746000e-16	0	0.0
11679	5.000000e+02	1.710000e-16	0	0.0
11679	1.000000e+03	1.054000e-16	0	0.0
