ID	X	Y	X_error	Y_error
11675	1.500000e+01	6.500000e-18	0	0.0
11675	2.000000e+01	7.000000e-18	0	0.0
11675	3.000000e+01	2.800000e-18	0	0.0
11675	5.000000e+01	9.400000e-19	0	0.0
