ID	X	Y	X_error	Y_error
11683	1.100000e+01	8.300000e-19	0	0.0
11683	1.200000e+01	2.120000e-18	0	0.0
11683	1.500000e+01	5.190000e-18	0	0.0
11683	2.000000e+01	6.700000e-18	0	0.0
11683	3.000000e+01	5.100000e-18	0	0.0
11683	5.000000e+01	2.640000e-18	0	0.0
11683	1.000000e+02	1.000000e-18	0	0.0
11683	2.000000e+02	3.800000e-19	0	0.0
11683	5.000000e+02	1.100000e-19	0	0.0
11683	1.000000e+03	2.000000e-20	0	0.0
