ID	X	Y	X_error	Y_error
11685	8.000000e+00	1.700000e-19	0	0.0
11685	9.000000e+00	5.900000e-19	0	0.0
11685	1.000000e+01	1.370000e-18	0	0.0
11685	1.100000e+01	2.100000e-18	0	0.0
11685	1.300000e+01	4.310000e-18	0	0.0
11685	1.800000e+01	7.000000e-18	0	0.0
11685	2.400000e+01	5.020000e-18	0	0.0
11685	3.000000e+01	3.070000e-18	0	0.0
11685	5.000000e+01	9.500000e-19	0	0.0
11685	1.000000e+02	2.100000e-19	0	0.0
11685	2.000000e+02	3.000000e-20	0	0.0
