ID	X	Y	X_error	Y_error
11687	9.000000e+00	7.500000e-19	0	0.0
11687	1.000000e+01	6.390000e-18	0	0.0
11687	1.200000e+01	2.980000e-17	0	0.0
11687	1.500000e+01	5.290000e-17	0	0.0
11687	2.000000e+01	5.580000e-17	0	0.0
11687	3.000000e+01	3.910000e-17	0	0.0
11687	5.000000e+01	1.990000e-17	0	0.0
11687	1.000000e+02	7.480000e-18	0	0.0
11687	2.000000e+02	2.850000e-18	0	0.0
11687	5.000000e+02	8.200000e-19	0	0.0
11687	1.000000e+03	3.000000e-19	0	0.0
