ID	X	Y	X_error	Y_error
11680	6.000000e+00	2.110000e-18	0	0.0
11680	7.000000e+00	8.460000e-18	0	0.0
11680	8.000000e+00	1.410000e-17	0	0.0
11680	1.000000e+01	1.730000e-17	0	0.0
11680	1.500000e+01	1.330000e-17	0	0.0
11680	2.000000e+01	9.740000e-18	0	0.0
11680	3.000000e+01	5.800000e-18	0	0.0
11680	5.000000e+01	2.970000e-18	0	0.0
11680	1.000000e+02	1.310000e-18	0	0.0
11680	1.500000e+02	8.800000e-19	0	0.0
11680	2.000000e+02	6.800000e-19	0	0.0
