ID	X	Y	X_error	Y_error
11682	2.000000e+00	2.100000e-19	0	0.0
11682	3.000000e+00	6.400000e-19	0	0.0
11682	5.000000e+00	2.140000e-18	0	0.0
11682	7.000000e+00	3.240000e-18	0	0.0
11682	9.000000e+00	2.470000e-18	0	0.0
11682	1.300000e+01	1.170000e-18	0	0.0
11682	2.000000e+01	5.200000e-19	0	0.0
11682	3.000000e+01	2.400000e-19	0	0.0
11682	5.000000e+01	9.000000e-20	0	0.0
11682	1.000000e+02	2.000000e-20	0	0.0
