ID	X	Y	X_error	Y_error
11686	9.000000e+00	5.800000e-19	0	0.0
11686	1.000000e+01	1.620000e-18	0	0.0
11686	1.200000e+01	4.130000e-18	0	0.0
11686	1.500000e+01	9.180000e-18	0	0.0
11686	2.000000e+01	1.420000e-17	0	0.0
11686	2.500000e+01	1.490000e-17	0	0.0
11686	3.000000e+01	1.270000e-17	0	0.0
11686	5.000000e+01	6.710000e-18	0	0.0
11686	1.000000e+02	2.710000e-18	0	0.0
11686	2.000000e+02	1.090000e-18	0	0.0
11686	5.000000e+02	3.400000e-19	0	0.0
11686	1.000000e+03	1.400000e-19	0	0.0
