ID	X	Y	X_error	Y_error
11681	2.000000e+00	9.800000e-19	0	0.0
11681	3.000000e+00	2.830000e-18	0	0.0
11681	4.000000e+00	5.480000e-18	0	0.0
11681	6.000000e+00	8.700000e-18	0	0.0
11681	1.000000e+01	6.610000e-18	0	0.0
11681	2.000000e+01	3.160000e-18	0	0.0
11681	5.000000e+01	1.130000e-18	0	0.0
11681	1.000000e+02	5.500000e-19	0	0.0
11681	1.500000e+02	3.500000e-19	0	0.0
11681	2.000000e+02	2.500000e-19	0	0.0
