ID	X	Y	X_error	Y_error
11684	1.200000e+01	4.600000e-19	0	0.0
11684	1.500000e+01	7.100000e-19	0	0.0
11684	2.000000e+01	9.300000e-19	0	0.0
11684	3.000000e+01	8.600000e-19	0	0.0
11684	5.000000e+01	4.700000e-19	0	0.0
11684	1.000000e+02	2.000000e-19	0	0.0
11684	2.000000e+02	8.000000e-20	0	0.0
11684	5.000000e+02	1.000000e-20	0	0.0
