ID	X	Y	X_error	Y_error
11696	9.996000e+00	1.159000e-17	0	0.0
11696	1.193000e+01	9.807000e-18	0	0.0
11696	1.380000e+01	8.098000e-18	0	0.0
11696	1.579000e+01	8.097000e-18	0	0.0
11696	1.772000e+01	6.564000e-18	0	0.0
11696	1.988000e+01	5.387000e-18	0	0.0
