ID	X	Y	X_error	Y_error
11695	4.037000e+00	6.886000e-19	0	0.0
11695	5.046000e+00	7.054000e-18	0	0.0
11695	7.014000e+00	3.080000e-17	0	0.0
11695	1.013000e+01	4.376000e-17	0	0.0
11695	1.497000e+01	6.062000e-18	0	0.0
11695	2.008000e+01	4.012000e-18	0	0.0
11695	4.546000e+01	1.301000e-18	0	0.0
