ID	X	Y	X_error	Y_error
11709	2.000000e+02	3.600000e-16	0	0.0
11709	3.000000e+02	2.700000e-16	0	0.0
11709	4.000000e+02	2.200000e-16	0	0.0
11709	5.000000e+02	1.700000e-16	0	0.0
