ID	X	Y	X_error	Y_error
11700	2.480000e+01	1.510000e-18	0	0.0
11700	2.903000e+01	1.852000e-18	0	0.0
11700	3.480000e+01	2.285000e-18	0	0.0
11700	4.268000e+01	2.722000e-18	0	0.0
11700	5.484000e+01	3.094000e-18	0	0.0
11700	7.086000e+01	3.357000e-18	0	0.0
11700	9.155000e+01	3.414000e-18	0	0.0
11700	1.155000e+02	3.163000e-18	0	0.0
11700	1.391000e+02	2.896000e-18	0	0.0
