ID	X	Y	X_error	Y_error
11708	9.793000e+01	1.408000e-18	0	0.0
11708	1.373000e+02	1.439000e-18	0	0.0
11708	1.849000e+02	1.364000e-18	0	0.0
11708	2.463000e+02	1.220000e-18	0	0.0
11708	3.241000e+02	1.017000e-18	0	0.0
11708	4.691000e+02	7.458000e-19	0	0.0
11708	6.454000e+02	5.665000e-19	0	0.0
11708	8.881000e+02	4.278000e-19	0	0.0
11708	1.257000e+03	3.156000e-19	0	0.0
11708	1.626000e+03	2.497000e-19	0	0.0
11708	2.068000e+03	2.000000e-19	0	0.0
11708	2.616000e+03	1.583000e-19	0	0.0
