ID	X	Y	X_error	Y_error
11711	1.500000e+01	3.100000e-17	0	0.0
11711	2.000000e+01	5.500000e-17	0	0.0
11711	3.000000e+01	6.100000e-17	0	0.0
11711	5.000000e+01	5.200000e-17	0	0.0
11711	7.000000e+01	3.800000e-17	0	0.0
11711	1.000000e+02	3.300000e-17	0	0.0
11711	1.500000e+02	2.900000e-17	0	0.0
