ID	X	Y	X_error	Y_error
11712	7.400000e-01	5.800000e-16	0	0.0
11712	2.000000e+00	6.270000e-16	0	0.0
11712	3.000000e+00	6.450000e-16	0	0.0
11712	5.000000e+00	7.180000e-16	0	0.0
11712	7.000000e+00	8.370000e-16	0	0.0
11712	1.000000e+01	1.040000e-15	0	0.0
11712	1.500000e+01	1.080000e-15	0	0.0
11712	2.000000e+01	1.070000e-15	0	0.0
