ID	X	Y	X_error	Y_error
11710	3.000000e+02	2.880000e-16	0	0.0
11710	4.000000e+02	2.540000e-16	0	0.0
11710	5.000000e+02	2.000000e-16	0	0.0
11710	1.000000e+03	1.050000e-16	0	0.0
