ID	X	Y	X_error	Y_error
11717	2.000000e+01	9.500000e-17	0	0.0
11717	3.000000e+01	7.830000e-17	0	0.0
11717	5.000000e+01	6.940000e-17	0	0.0
11717	7.000000e+01	5.500000e-17	0	0.0
11717	1.000000e+02	4.950000e-17	0	0.0
