ID	X	Y	X_error	Y_error
11718	2.000000e+01	1.570000e-17	0	0.0
11718	3.000000e+01	1.530000e-17	0	0.0
11718	5.000000e+01	1.360000e-17	0	0.0
11718	7.000000e+01	8.950000e-18	0	0.0
11718	1.000000e+02	7.650000e-18	0	0.0
