ID	X	Y	X_error	Y_error
11713	3.000000e+02	5.050000e-16	0	0.0
11713	4.000000e+02	4.210000e-16	0	0.0
11713	5.000000e+02	3.610000e-16	0	0.0
11713	1.000000e+03	2.130000e-16	0	0.0
