ID	X	Y	X_error	Y_error
11719	2.000000e+01	7.800000e-16	0	0.0
11719	3.000000e+01	7.340000e-16	0	0.0
11719	5.000000e+01	6.500000e-16	0	0.0
11719	7.000000e+01	4.690000e-16	0	0.0
11719	1.000000e+02	3.440000e-16	0	0.0
