ID	X	Y	X_error	Y_error
11728	1.500000e+01	5.750000e-18	0	0.0
11728	2.000000e+01	6.690000e-18	0	0.0
11728	3.000000e+01	6.220000e-18	0	0.0
11728	5.000000e+01	2.360000e-18	0	0.0
