ID	X	Y	X_error	Y_error
11721	1.500000e+02	3.336000e-16	0	0.0
11721	2.000000e+02	3.285000e-16	0	0.0
11721	3.000000e+02	2.778000e-16	0	0.0
11721	4.000000e+02	2.385000e-16	0	0.0
11721	5.000000e+02	2.017000e-16	0	0.0
