ID	X	Y	X_error	Y_error
11724	2.016000e+01	1.013000e-18	0	0.0
11724	3.084000e+01	9.967000e-19	0	0.0
11724	5.011000e+01	6.520000e-19	0	0.0
11724	7.196000e+01	1.803000e-19	0	0.0
11724	1.018000e+02	5.059000e-20	0	0.0
11724	1.508000e+02	2.374000e-20	0	0.0
