ID	X	Y	X_error	Y_error
11723	2.083000e+01	3.343000e-18	0	0.0
11723	3.045000e+01	3.097000e-18	0	0.0
11723	5.021000e+01	1.591000e-18	0	0.0
11723	7.105000e+01	5.601000e-19	0	0.0
11723	1.006000e+02	2.159000e-19	0	0.0
11723	1.513000e+02	1.126000e-19	0	0.0
11723	2.019000e+02	8.703000e-20	0	0.0
