ID	X	Y	X_error	Y_error
11720	1.500000e+02	2.904000e-17	0	0.0
11720	2.000000e+02	2.392000e-17	0	0.0
11720	3.000000e+02	1.802000e-17	0	0.0
11720	4.000000e+02	1.419000e-17	0	0.0
11720	5.000000e+02	1.134000e-17	0	0.0
