ID	X	Y	X_error	Y_error
11722	1.995000e+01	1.039000e-17	0	0.0
11722	3.004000e+01	6.114000e-18	0	0.0
11722	5.034000e+01	5.094000e-18	0	0.0
11722	7.017000e+01	2.024000e-18	0	0.0
11722	1.009000e+02	1.056000e-18	0	0.0
11722	1.498000e+02	9.206000e-19	0	0.0
11722	2.028000e+02	7.333000e-19	0	0.0
11722	3.009000e+02	5.752000e-19	0	0.0
11722	4.014000e+02	4.313000e-19	0	0.0
11722	5.039000e+02	3.284000e-19	0	0.0
