ID	X	Y	X_error	Y_error
11734	2.000000e+00	2.435000e-19	0	0.0
11734	3.000000e+00	9.354000e-19	0	0.0
11734	3.500000e+00	1.145000e-18	0	0.0
11734	4.000000e+00	1.556000e-18	0	0.0
