ID	X	Y	X_error	Y_error
11736	4.000000e+00	1.540000e-18	0	1.21e-18
11736	5.000000e+00	1.670000e-18	0	9.07e-19
11736	7.000000e+00	2.060000e-18	0	7.56e-19
11736	1.000000e+01	1.400000e-18	0	6.05e-19
11736	1.500000e+01	1.070000e-18	0	2.72e-19
11736	2.000000e+01	1.310000e-18	0	5.75e-19
11736	4.500000e+01	2.690000e-19	0	2.72e-19
