ID	X	Y	X_error	Y_error
11733	1.500000e+00	5.331000e-19	0	0.0
11733	2.000000e+00	1.467000e-18	0	0.0
11733	3.000000e+00	3.763000e-18	0	0.0
11733	3.500000e+00	4.816000e-18	0	0.0
11733	4.000000e+00	5.133000e-18	0	0.0
