ID	X	Y	X_error	Y_error
11735	4.000000e+00	5.840000e-18	0	1.45e-18
11735	5.000000e+00	6.470000e-18	0	1.57e-18
11735	7.000000e+00	9.080000e-18	0	2.27e-18
11735	1.000000e+01	6.300000e-18	0	1.84e-18
11735	1.500000e+01	4.540000e-18	0	9.37e-19
11735	2.000000e+01	3.730000e-18	0	1.27e-18
11735	4.500000e+01	1.030000e-18	0	9.07e-19
