ID	X	Y	X_error	Y_error
11744	9.200000e+00	1.210000e-17	0	0.0
11744	1.020000e+01	2.080000e-17	0	0.0
11744	1.220000e+01	4.940000e-17	0	0.0
11744	1.520000e+01	8.300000e-17	0	0.0
11744	1.720000e+01	5.730000e-17	0	0.0
11744	2.020000e+01	3.920000e-17	0	0.0
11744	3.000000e+01	1.350000e-17	0	0.0
11744	4.000000e+01	7.710000e-18	0	0.0
11744	1.000000e+02	7.300000e-19	0	0.0
