ID	X	Y	X_error	Y_error
11745	1.750000e+01	6.990000e-18	0	0.0
11745	2.000000e+01	1.011000e-17	0	0.0
11745	3.000000e+01	1.860000e-18	0	0.0
