ID	X	Y	X_error	Y_error
11746	1.750000e+01	1.090000e-17	0	0.0
11746	2.000000e+01	2.489000e-17	0	0.0
11746	3.000000e+01	7.960000e-18	0	0.0
