ID	X	Y	X_error	Y_error
11751	9.000000e+00	4.400000e-18	0	0.0
11751	1.000000e+01	2.600000e-17	0	0.0
11751	1.220000e+01	6.680000e-17	0	0.0
11751	1.500000e+01	8.700000e-17	0	0.0
11751	1.650000e+01	9.000000e-17	0	0.0
11751	2.000000e+01	7.510000e-17	0	0.0
11751	3.000000e+01	5.380000e-17	0	0.0
11751	4.000000e+01	3.730000e-17	0	0.0
11751	5.000000e+01	2.990000e-17	0	0.0
11751	6.000000e+01	2.150000e-17	0	0.0
11751	7.000000e+01	1.720000e-17	0	0.0
11751	8.000000e+01	1.470000e-17	0	0.0
