ID	X	Y	X_error	Y_error
11750	1.750000e+01	1.080000e-18	0	0.0
11750	2.000000e+01	2.520000e-18	0	0.0
11750	3.000000e+01	1.320000e-18	0	0.0
