ID	X	Y	X_error	Y_error
11756	1.360000e+01	-9.040000e-18	0	9.44e-18
11756	1.390000e+01	-8.120000e-19	0	8.83e-18
11756	1.400000e+01	1.120000e-17	0	5.48e-18
11756	1.410000e+01	1.640000e-17	0	8.22e-18
11756	1.430000e+01	1.320000e-17	0	5.33e-18
11756	1.450000e+01	4.970000e-18	0	8.22e-18
11756	1.460000e+01	1.060000e-17	0	5.79e-18
11756	1.480000e+01	1.520000e-17	0	4.72e-18
11756	1.500000e+01	1.200000e-17	0	4.57e-18
