ID	X	Y	X_error	Y_error
11879	1.000000e+01	1.305000e-17	0	0.0
11879	1.500000e+01	7.500000e-18	0	0.0
11879	2.000000e+01	3.900000e-18	0	0.0
11879	3.000000e+01	1.300000e-18	0	0.0
