ID	X	Y	X_error	Y_error
11875	5.000000e+00	3.400000e-18	0	0.0
11875	7.000000e+00	1.140000e-17	0	0.0
11875	1.000000e+01	1.650000e-17	0	0.0
11875	1.500000e+01	1.500000e-18	0	0.0
