ID	X	Y	X_error	Y_error
11874	5.000000e+00	9.500000e-18	0	0.0
11874	7.000000e+00	3.050000e-17	0	0.0
11874	1.000000e+01	4.400000e-17	0	0.0
11874	1.500000e+01	5.700000e-18	0	0.0
