ID	X	Y	X_error	Y_error
11877	5.000000e+00	7.600000e-18	0	0.0
11877	7.000000e+00	1.040000e-17	0	0.0
11877	1.000000e+01	7.700000e-18	0	0.0
11877	1.500000e+01	4.200000e-18	0	0.0
11877	2.000000e+01	2.300000e-18	0	0.0
