ID	X	Y	X_error	Y_error
11880	1.500000e+01	6.870000e-17	0	0.0
11880	2.000000e+01	7.900000e-17	0	0.0
11880	3.000000e+01	5.980000e-17	0	0.0
11880	5.000000e+01	2.764000e-17	0	0.0
