ID	X	Y	X_error	Y_error
11888	1.000000e+02	9.220000e-17	0	0.0
