ID	X	Y	X_error	Y_error
11882	1.500000e+01	7.200000e-19	0	0.0
11882	2.000000e+01	9.150000e-19	0	0.0
11882	3.000000e+01	8.710000e-19	0	0.0
11882	5.000000e+01	4.720000e-19	0	0.0
