ID	X	Y	X_error	Y_error
11889	1.000000e+02	5.080000e-17	0	0.0
