ID	X	Y	X_error	Y_error
11890	1.000000e+02	2.210000e-17	0	0.0
