ID	X	Y	X_error	Y_error
11894	1.000000e+02	1.020000e-17	0	0.0
