ID	X	Y	X_error	Y_error
11893	1.000000e+02	3.280000e-17	0	0.0
