ID	X	Y	X_error	Y_error
11908	9.000000e+00	1.670000e-17	0	2.2e-18
11908	1.000000e+01	1.040000e-17	0	1.4e-18
11908	1.200000e+01	7.500000e-18	0	1.1e-18
11908	1.500000e+01	5.600000e-18	0	7e-19
11908	2.000000e+01	4.000000e-18	0	5e-19
