ID	X	Y	X_error	Y_error
11907	9.000000e+00	1.650000e-17	0	2.3e-18
11907	1.000000e+01	1.610000e-17	0	2.1e-18
11907	1.200000e+01	1.470000e-17	0	2.2e-18
11907	1.500000e+01	1.600000e-17	0	2.3e-18
11907	2.000000e+01	1.430000e-17	0	2.3e-18
