ID	X	Y	X_error	Y_error
11909	1.500000e+01	1.250000e-18	0	6.7e-19
11909	2.000000e+01	4.020000e-18	0	1.12e-18
11909	3.000000e+01	5.300000e-18	0	2.03e-18
11909	4.000000e+01	4.810000e-18	0	1.35e-18
11909	5.000000e+01	4.870000e-18	0	1.36e-18
