ID	X	Y	X_error	Y_error
11917	2.000000e+01	5.670000e-18	0	1.59e-18
11917	3.000000e+01	9.760000e-18	0	2.73e-18
11917	4.000000e+01	1.512000e-17	0	4.23e-18
11917	5.000000e+01	1.487000e-17	0	4.16e-18
