ID	X	Y	X_error	Y_error
11912	1.500000e+01	3.230000e-18	0	2.48e-18
11912	2.000000e+01	1.100000e-17	0	3.08e-18
11912	3.000000e+01	1.378000e-17	0	4.18e-18
11912	4.000000e+01	1.769000e-17	0	4.95e-18
11912	5.000000e+01	1.519000e-17	0	4.25e-18
