ID	X	Y	X_error	Y_error
11915	2.000000e+01	1.140000e-18	0	3.2e-19
11915	3.000000e+01	1.770000e-18	0	5.8e-19
11915	4.000000e+01	2.590000e-18	0	7.2e-19
11915	5.000000e+01	2.690000e-18	0	7.5e-19
