ID	X	Y	X_error	Y_error
11919	2.000000e+01	3.470000e-18	0	9.7e-19
11919	3.000000e+01	5.220000e-18	0	1.72e-18
11919	4.000000e+01	5.040000e-18	0	1.41e-18
11919	5.000000e+01	4.000000e-18	0	1.12e-18
