ID	X	Y	X_error	Y_error
11914	2.000000e+01	4.160000e-18	0	1.16e-18
11914	3.000000e+01	4.120000e-18	0	1.38e-18
11914	4.000000e+01	4.650000e-18	0	1.3e-18
11914	5.000000e+01	3.450000e-18	0	9.7e-19
