ID	X	Y	X_error	Y_error
11916	2.000000e+01	3.110000e-18	0	8.7e-19
11916	3.000000e+01	3.970000e-18	0	1.38e-18
11916	4.000000e+01	3.280000e-18	0	9.2e-19
11916	5.000000e+01	2.210000e-18	0	6.2e-19
