ID	X	Y	X_error	Y_error
11918	2.000000e+01	6.040000e-18	0	1.69e-18
11918	3.000000e+01	1.020000e-17	0	2.86e-18
11918	4.000000e+01	1.161300e-16	0	4.52e-18
11918	5.000000e+01	1.640000e-17	0	4.56e-18
