ID	X	Y	X_error	Y_error
11911	1.500000e+01	5.210000e-18	0	1.46e-18
11911	2.000000e+01	1.799000e-17	0	5.04e-18
11911	3.000000e+01	2.168000e-17	0	6.38e-18
11911	4.000000e+01	3.158000e-17	0	8.84e-18
11911	5.000000e+01	2.683000e-17	0	7.51e-18
