ID	X	Y	X_error	Y_error
11913	2.000000e+01	8.130000e-18	0	2.28e-18
11913	3.000000e+01	1.003000e-17	0	2.81e-18
11913	4.000000e+01	1.282000e-17	0	3.59e-18
11913	5.000000e+01	1.100000e-17	0	3.08e-18
