ID	X	Y	X_error	Y_error
11910	1.500000e+01	2.020000e-18	0	7.4e-19
11910	2.000000e+01	7.850000e-18	0	2.2e-18
11910	3.000000e+01	1.346000e-17	0	6.37e-18
11910	4.000000e+01	1.840000e-17	0	8.32e-18
11910	5.000000e+01	1.678000e-17	0	4.7e-18
