ID	X	Y	X_error	Y_error
11929	2.000000e+01	1.476000e-18	0	4.13e-19
11929	3.000000e+01	2.392000e-18	0	6.7e-19
11929	4.000000e+01	3.280000e-18	0	9.18e-19
11929	5.000000e+01	2.927000e-18	0	8.2e-19
