ID	X	Y	X_error	Y_error
11922	2.000000e+01	2.050000e-18	0	5.7e-19
11922	3.000000e+01	2.380000e-18	0	8.7e-19
11922	4.000000e+01	1.950000e-18	0	8e-19
11922	5.000000e+01	1.560000e-18	0	4.4e-19
