ID	X	Y	X_error	Y_error
11928	2.000000e+01	2.371000e-18	0	5.93e-19
11928	3.000000e+01	2.278000e-18	0	5.7e-19
11928	4.000000e+01	2.640000e-18	0	6.6e-19
11928	5.000000e+01	1.966000e-18	0	4.92e-19
