ID	X	Y	X_error	Y_error
11925	2.000000e+01	3.360000e-18	0	9.4e-19
11925	3.000000e+01	4.480000e-18	0	1.32e-18
11925	4.000000e+01	6.590000e-18	0	5.4e-19
11925	5.000000e+01	4.920000e-18	0	6.5e-19
