ID	X	Y	X_error	Y_error
11927	2.000000e+01	8.590000e-18	0	2.41e-18
11927	3.000000e+01	1.800000e-17	0	6.23e-18
11927	4.000000e+01	2.282000e-17	0	6.39e-18
11927	5.000000e+01	1.695000e-17	0	4.75e-18
