ID	X	Y	X_error	Y_error
11926	2.000000e+01	3.570000e-18	0	1e-18
11926	3.000000e+01	4.480000e-18	0	1.61e-18
11926	4.000000e+01	6.590000e-18	0	1.85e-18
11926	5.000000e+01	4.920000e-18	0	1.38e-18
