ID	X	Y	X_error	Y_error
11921	2.000000e+01	5.530000e-18	0	1.55e-18
11921	3.000000e+01	8.800000e-18	0	3.06e-18
11921	4.000000e+01	1.038000e-17	0	2.91e-18
11921	5.000000e+01	8.640000e-18	0	2.42e-18
