ID	X	Y	X_error	Y_error
11924	2.000000e+01	3.320000e-18	0	9.3e-19
11924	3.000000e+01	7.230000e-18	0	2.02e-18
11924	4.000000e+01	1.056000e-17	0	2.96e-18
11924	5.000000e+01	1.239000e-17	0	3.47e-18
