ID	X	Y	X_error	Y_error
11920	2.000000e+01	5.960000e-18	0	1.67e-18
11920	3.000000e+01	8.620000e-18	0	2.41e-18
11920	4.000000e+01	1.186000e-17	0	3.32e-18
11920	5.000000e+01	1.058000e-17	0	2.96e-18
