ID	X	Y	X_error	Y_error
11923	2.000000e+01	3.120000e-18	0	9.3e-19
11923	3.000000e+01	3.680000e-18	0	2.02e-18
11923	4.000000e+01	5.710000e-18	0	2.96e-18
11923	5.000000e+01	6.100000e-18	0	3.47e-18
