ID	X	Y	X_error	Y_error
11938	1.000000e+00	4.030000e-15	0	6e-16
11938	2.000000e+00	2.430000e-15	0	3.6e-16
11938	4.000000e+00	1.940000e-15	0	2.9e-16
11938	6.000000e+00	1.890000e-15	0	2.8e-16
11938	8.000000e+00	2.090000e-15	0	3.1e-16
11938	1.000000e+01	2.080000e-15	0	3.1e-16
11938	1.500000e+01	1.720000e-15	0	2.6e-16
11938	2.000000e+01	1.640000e-15	0	2.5e-16
11938	3.000000e+01	1.390000e-15	0	2.1e-16
11938	5.000000e+01	8.570000e-16	0	1.44e-16
11938	1.000000e+02	5.020000e-16	0	7.5e-17
