ID	X	Y	X_error	Y_error
11932	1.500000e+01	2.590300e-18	0	6.119e-19
