ID	X	Y	X_error	Y_error
11934	1.500000e+01	6.167000e-19	0	3.075e-19
