ID	X	Y	X_error	Y_error
11936	1.500000e+01	3.735000e-19	0	1.364e-19
