ID	X	Y	X_error	Y_error
11939	4.000000e+00	1.171000e-15	0	0.0
11939	6.000000e+00	1.198000e-15	0	0.0
11939	8.000000e+00	1.342000e-15	0	0.0
11939	1.000000e+01	1.406000e-15	0	0.0
11939	1.500000e+01	1.402000e-15	0	0.0
11939	2.000000e+01	1.153000e-15	0	0.0
11939	3.000000e+01	9.822000e-16	0	0.0
11939	4.000000e+01	7.984000e-16	0	0.0
11939	5.000000e+01	7.139000e-16	0	0.0
