ID	X	Y	X_error	Y_error
11931	1.500000e+01	2.089300e-18	0	4.427e-19
