ID	X	Y	X_error	Y_error
11935	1.500000e+01	4.871000e-19	0	1.275e-19
