ID	X	Y	X_error	Y_error
11933	1.500000e+01	5.579000e-19	0	2.108e-19
