ID	X	Y	X_error	Y_error
11937	1.000000e+00	9.420000e-15	0	3.47e-15
11937	2.000000e+00	4.830000e-15	0	1.43e-15
11937	4.000000e+00	2.940000e-15	0	4.6e-16
11937	6.000000e+00	2.630000e-15	0	4.5e-16
11937	8.000000e+00	2.590000e-15	0	3.6e-16
11937	1.000000e+01	2.490000e-15	0	3.5e-16
11937	1.500000e+01	1.980000e-15	0	2.7e-16
11937	2.000000e+01	1.790000e-15	0	2.5e-16
