ID	X	Y	X_error	Y_error
11930	2.000000e+01	1.337000e-18	0	3.74e-19
11930	3.000000e+01	1.689000e-18	0	4.73e-19
11930	4.000000e+01	2.537000e-18	0	7.1e-19
11930	5.000000e+01	2.256000e-18	0	6.32e-19
