ID	X	Y	X_error	Y_error
11940	4.000000e+00	5.583000e-16	0	0.0
11940	6.000000e+00	6.884000e-16	0	0.0
11940	8.000000e+00	8.044000e-16	0	0.0
11940	1.000000e+01	8.366000e-16	0	0.0
11940	1.500000e+01	8.054000e-16	0	0.0
11940	2.000000e+01	6.311000e-16	0	0.0
11940	3.000000e+01	4.040000e-16	0	0.0
11940	4.000000e+01	2.755000e-16	0	0.0
11940	5.000000e+01	2.001000e-16	0	0.0
