ID	X	Y	X_error	Y_error
11969	1.392000e+01	1.186000e-21	0	0.0
11969	1.394000e+01	4.389000e-20	0	0.0
11969	1.412000e+01	4.033000e-20	0	0.0
11969	1.433000e+01	3.203000e-20	0	0.0
11969	1.457000e+01	2.254000e-20	0	0.0
11969	1.481000e+01	1.483000e-20	0	0.0
11969	1.505000e+01	8.897000e-21	0	0.0
11969	1.530000e+01	5.338000e-21	0	0.0
11969	1.559000e+01	2.372000e-21	0	0.0
11969	1.592000e+01	1.186000e-21	0	0.0
11969	1.620000e+01	0.000000e+00	0	0.0
11969	1.656000e+01	0.000000e+00	0	0.0
