ID	X	Y	X_error	Y_error
11993	4.012000e+00	1.028000e-19	0	0.0
11993	4.953000e+00	1.330000e-19	0	0.0
11993	5.992000e+00	4.366000e-18	0	0.0
11993	6.959000e+00	3.660000e-18	0	0.0
11993	8.027000e+00	1.122000e-18	0	0.0
11993	8.949000e+00	9.280000e-19	0	0.0
11993	1.005000e+01	4.164000e-19	0	0.0
11993	1.500000e+01	1.028000e-19	0	0.0
