ID	X	Y	X_error	Y_error
11995	1.490000e+01	8.268000e-18	0	0.0
11995	1.996000e+01	2.418000e-17	0	0.0
11995	2.981000e+01	3.088000e-17	0	0.0
11995	3.994000e+01	3.943000e-17	0	0.0
11995	4.998000e+01	3.350000e-17	0	0.0
