ID	X	Y	X_error	Y_error
11997	1.005000e+01	1.042000e-19	0	0.0
11997	1.207000e+01	1.234000e-18	0	0.0
11997	1.511000e+01	2.169000e-17	0	0.0
11997	1.778000e+01	4.221000e-17	0	0.0
11997	2.065000e+01	7.072000e-17	0	0.0
11997	2.481000e+01	9.407000e-17	0	0.0
11997	3.022000e+01	1.303000e-16	0	0.0
11997	3.860000e+01	1.201000e-16	0	0.0
11997	4.998000e+01	1.169000e-16	0	0.0
11997	6.255000e+01	9.798000e-17	0	0.0
11997	7.936000e+01	7.467000e-17	0	0.0
11997	9.865000e+01	6.091000e-17	0	0.0
