ID	X	Y	X_error	Y_error
11994	1.500000e+01	1.348000e-17	0	0.0
11994	1.996000e+01	4.642000e-17	0	0.0
11994	2.498000e+01	8.101000e-17	0	0.0
11994	3.002000e+01	1.092000e-16	0	0.0
11994	3.510000e+01	1.339000e-16	0	0.0
11994	3.994000e+01	1.555000e-16	0	0.0
11994	4.998000e+01	1.830000e-16	0	0.0
11994	6.005000e+01	2.013000e-16	0	0.0
11994	7.022000e+01	2.125000e-16	0	0.0
11994	7.990000e+01	2.244000e-16	0	0.0
11994	9.030000e+01	2.244000e-16	0	0.0
11994	1.000000e+02	2.275000e-16	0	0.0
