ID	X	Y	X_error	Y_error
11991	9.977000e+00	1.122000e-18	0	0.0
11991	1.274000e+01	1.028000e-17	0	0.0
11991	1.480000e+01	3.997000e-17	0	0.0
11991	1.766000e+01	8.438000e-17	0	0.0
11991	2.010000e+01	1.376000e-16	0	0.0
11991	2.498000e+01	2.040000e-16	0	0.0
11991	2.981000e+01	2.751000e-16	0	0.0
11991	3.808000e+01	3.067000e-16	0	0.0
11991	4.931000e+01	3.283000e-16	0	0.0
11991	6.384000e+01	3.283000e-16	0	0.0
11991	8.267000e+01	3.195000e-16	0	0.0
11991	1.007000e+02	3.067000e-16	0	0.0
