ID	X	Y	X_error	Y_error
11996	6.033000e+00	1.042000e-19	0	0.0
11996	7.811000e+00	3.586000e-19	0	0.0
11996	1.005000e+01	1.153000e-18	0	0.0
11996	1.274000e+01	3.812000e-18	0	0.0
11996	1.639000e+01	1.177000e-17	0	0.0
11996	1.983000e+01	2.386000e-17	0	0.0
11996	2.585000e+01	2.808000e-17	0	0.0
11996	3.324000e+01	3.350000e-17	0	0.0
11996	4.048000e+01	3.997000e-17	0	0.0
11996	5.573000e+01	3.173000e-17	0	0.0
11996	7.314000e+01	2.623000e-17	0	0.0
11996	9.932000e+01	2.140000e-17	0	0.0
