ID	X	Y	X_error	Y_error
11998	1.500000e+01	4.835000e-17	0	0.0
11998	1.996000e+01	7.169000e-17	0	0.0
11998	3.002000e+01	1.321000e-16	0	0.0
11998	4.998000e+01	1.933000e-16	0	0.0
11998	6.974000e+01	2.184000e-16	0	0.0
11998	9.932000e+01	2.097000e-16	0	0.0
