ID	X	Y	X_error	Y_error
12009	4.908000e-01	1.900000e-16	0	0.0
12009	6.358000e-01	1.539000e-16	0	0.0
12009	8.015000e-01	1.266000e-16	0	0.0
12009	1.045000e+00	1.007000e-16	0	0.0
12009	1.337000e+00	8.068000e-17	0	0.0
12009	1.701000e+00	6.453000e-17	0	0.0
12009	2.170000e+00	5.040000e-17	0	0.0
12009	2.777000e+00	3.930000e-17	0	0.0
12009	3.523000e+00	3.178000e-17	0	0.0
12009	4.348000e+00	2.598000e-17	0	0.0
