ID	X	Y	X_error	Y_error
12008	5.862000e-01	1.743000e-16	0	1.72e-17
12008	9.486000e-01	9.813000e-17	0	9.905000000000001e-18
12008	1.828000e+00	6.572000e-17	0	6.765e-18
12008	3.512000e+00	4.205000e-17	0	4.1850000000000005e-18
