ID	X	Y	X_error	Y_error
12011	5.267000e-01	2.409000e-20	0	0.0
12011	6.763000e-01	3.661000e-20	0	0.0
12011	8.545000e-01	5.118000e-20	0	0.0
12011	1.077000e+00	6.641000e-20	0	0.0
12011	1.354000e+00	7.851000e-20	0	0.0
12011	1.747000e+00	8.738000e-20	0	0.0
12011	2.237000e+00	9.069000e-20	0	0.0
12011	2.934000e+00	8.779000e-20	0	0.0
12011	3.808000e+00	8.187000e-20	0	0.0
12011	5.008000e+00	7.288000e-20	0	0.0
