ID	X	Y	X_error	Y_error
12010	6.000000e-01	3.026000e-20	0	1.061e-20
12010	7.996000e-01	9.680000e-20	0	3.335e-20
12010	9.997000e-01	1.067000e-19	0	3.7255e-20
12010	2.001000e+00	1.699000e-19	0	6.035e-20
12010	3.006000e+00	1.780000e-19	0	6.13e-20
12010	4.005000e+00	1.556000e-19	0	5.5e-20
