ID	X	Y	X_error	Y_error
13303	1.000000e+00	1.610000e-15	0	2.6e-16
13303	2.000000e+00	1.640000e-15	0	2.6e-16
13303	4.000000e+00	1.830000e-15	0	2.9e-16
13303	6.000000e+00	1.290000e-15	0	2.1e-16
13303	8.000000e+00	1.310000e-15	0	2.1e-16
13303	1.000000e+01	1.090000e-15	0	1.8e-16
13303	1.500000e+01	7.060000e-16	0	1.13e-16
13303	2.000000e+01	5.540000e-16	0	8.9e-17
13303	3.000000e+01	3.070000e-16	0	4.9e-17
