ID	X	Y	X_error	Y_error
13304	1.000000e+00	1.020000e-15	0	1.5e-16
13304	1.500000e+00	1.070000e-15	0	1.9e-16
13304	2.000000e+00	1.530000e-15	0	2.7e-16
13304	2.500000e+00	2.160000e-15	0	3.9e-16
13304	3.000000e+00	1.570000e-15	0	2.4e-16
13304	5.000000e+00	1.200000e-15	0	1.8e-16
13304	7.000000e+00	1.060000e-15	0	1.6e-16
13304	1.000000e+01	1.150000e-15	0	1.7e-16
13304	1.500000e+01	1.120000e-15	0	1.7e-16
13304	2.000000e+01	1.150000e-15	0	1.7e-16
13304	3.000000e+01	9.400000e-16	0	1.41e-16
